,Depart,PrecipTotal,Heat_1d,Heat_3d,Heat_7d,Cool_7d,PrecipTotal_1d,PrecipTotal_3d,ResultDir_3d,PrecipBool_7d
0,-5.0,0.0,0.0,0.0,0.0,21.0,0.0,0.0,24.0,0.0
1,9.0,1.31,0.0,0.0,0.0,15.0,0.26,0.03,8.0,0.0
2,4.0,0.16,0.0,0.0,0.0,0.0,0.0,0.0,17.0,0.0
3,-4.0,0.0,0.0,0.0,0.0,7.0,0.0,0.01,28.0,1.0
4,11.0,0.0,0.0,0.0,0.0,12.0,0.0,0.0,21.0,0.0
5,-1.0,0.0,0.0,0.0,0.0,6.0,0.0,0.07,19.0,0.0
6,-1.0,0.16,0.0,0.0,0.0,6.0,1.55,0.39,24.0,0.0
7,4.0,0.23,0.0,0.0,0.0,15.0,0.41,0.29,6.0,1.0
8,18.0,0.0,0.0,0.0,0.0,1.0,0.0,0.0,21.0,0.0
9,-10.0,0.12,0.0,0.0,1.0,0.0,0.44,0.0,27.0,1.0
10,-9.0,0.42,0.0,0.0,0.0,9.0,0.39,0.04,22.0,0.0
11,-6.0,0.0,0.0,2.0,0.0,12.0,0.0,0.0,2.0,0.0
12,5.0,0.5,0.0,0.0,0.0,2.0,0.0,0.0,19.0,0.0
13,-1.0,0.0,0.0,0.0,0.0,13.0,0.23,0.0,6.0,1.0
14,-7.0,0.0,0.0,0.0,0.0,6.0,0.01,0.45,18.0,0.0
15,-1.0,0.0,0.0,0.0,0.0,6.0,0.0,0.07,19.0,0.0
16,9.0,1.31,0.0,0.0,0.0,15.0,0.26,0.03,8.0,0.0
17,9.0,0.0,0.0,0.0,0.0,13.0,0.0,0.34,36.0,1.0
18,4.0,0.24,0.0,0.0,0.0,5.0,2.35,0.48,18.0,0.0
19,7.0,0.0,0.0,0.0,0.0,21.0,0.18,1.55,9.0,1.0
20,-3.0,0.0,0.0,0.0,0.0,12.0,0.43,0.0,24.0,1.0
21,5.0,0.5,0.0,0.0,0.0,2.0,0.0,0.0,19.0,0.0
22,8.0,0.0,0.0,0.0,0.0,10.0,0.0,0.0,6.0,1.0
23,16.0,0.0,0.0,0.0,0.0,6.0,0.0,0.04,15.0,0.0
24,-2.0,0.0,0.0,0.0,0.0,8.0,0.0,0.84,23.0,0.0
25,8.0,0.0,0.0,0.0,0.0,13.0,0.0,0.0,5.0,0.0
26,7.0,0.48,0.0,1.0,0.0,10.0,0.91,0.09,12.0,1.0
27,8.0,0.0,0.0,0.0,0.0,10.0,0.0,0.0,6.0,1.0
28,-1.0,0.0,0.0,0.0,0.0,6.0,0.0,0.07,19.0,0.0
29,5.0,0.0,0.0,0.0,0.0,9.0,0.0,0.01,2.0,0.0
30,-1.0,0.0,0.0,0.0,5.0,0.0,0.0,0.85,25.0,1.0
31,-1.0,0.0,0.0,0.0,5.0,0.0,0.0,0.85,25.0,1.0
32,3.0,1.55,0.0,0.0,0.0,5.0,0.11,0.0,29.0,0.0
33,10.0,0.0,0.0,0.0,6.0,0.0,0.0,0.02,4.0,0.0
34,5.0,0.79,0.0,1.0,0.0,2.0,0.0,0.0,3.0,0.0
35,4.0,0.16,0.0,0.0,0.0,0.0,0.0,0.0,17.0,0.0
36,-12.0,0.0,14.0,0.0,0.0,1.0,0.0,0.0,31.0,1.0
37,10.0,0.0,0.0,0.0,6.0,0.0,0.0,0.02,4.0,0.0
38,0.0,0.08,0.0,0.0,0.0,6.0,0.0,0.0,7.0,0.0
39,2.0,0.0,0.0,0.0,5.0,0.0,0.04,0.0,9.0,1.0
40,18.0,0.0,0.0,0.0,0.0,1.0,0.0,0.0,21.0,0.0
41,5.0,0.0,0.0,0.0,0.0,9.0,0.0,0.01,2.0,0.0
42,-10.0,0.0,0.0,0.0,0.0,8.0,0.32,0.0,16.0,1.0
43,7.0,0.0,0.0,0.0,0.0,2.0,0.0,0.0,20.0,0.0
44,8.0,0.0,0.0,0.0,0.0,13.0,0.0,0.0,5.0,0.0
45,-6.0,0.0,7.0,3.0,13.0,0.0,0.0,0.0,18.0,0.0
46,-4.0,0.33,0.0,0.0,0.0,5.0,0.0,0.0,2.0,0.0
47,9.0,0.09,0.0,0.0,0.0,2.0,0.01,3.97,18.0,0.0
48,8.0,0.0,0.0,0.0,0.0,13.0,0.0,0.0,5.0,0.0
49,5.0,0.0,0.0,0.0,0.0,9.0,0.0,0.01,2.0,0.0
50,0.0,0.0,0.0,0.0,0.0,6.0,0.0,0.0,26.0,0.0
51,2.0,0.0,0.0,0.0,0.0,2.0,0.0,0.03,21.0,1.0
52,4.0,0.0,0.0,0.0,0.0,12.0,0.0,0.0,16.0,1.0
53,4.0,0.24,0.0,0.0,0.0,5.0,2.35,0.48,18.0,0.0
54,10.0,0.58,0.0,0.0,0.0,6.0,0.0,0.0,23.0,0.0
55,11.0,0.18,0.0,0.0,0.0,1.0,0.0,0.0,27.0,0.0
56,5.0,0.0,0.0,0.0,0.0,9.0,0.0,0.01,2.0,0.0
57,8.0,0.0,0.0,0.0,0.0,13.0,0.0,0.0,5.0,0.0
58,6.0,0.92,0.0,0.0,0.0,6.0,1.48,0.18,23.0,0.0
59,-8.0,0.09,7.0,6.0,10.0,0.0,0.06,0.31,6.0,0.0
60,5.0,0.0,0.0,0.0,0.0,6.0,0.0,0.0,18.0,0.0
61,6.0,3.97,0.0,0.0,3.0,0.0,0.12,1.23,10.0,1.0
62,-7.0,0.52,5.0,0.0,0.0,6.0,0.93,0.0,23.0,1.0
63,-8.0,0.89,10.0,9.0,0.0,4.0,0.0,0.01,29.0,0.0
64,7.0,0.0,0.0,0.0,0.0,21.0,0.18,1.55,9.0,1.0
65,2.0,0.23,0.0,0.0,0.0,0.0,0.01,0.0,25.0,0.0
66,-7.0,0.52,5.0,0.0,0.0,6.0,0.93,0.0,23.0,1.0
67,9.0,1.31,0.0,0.0,0.0,15.0,0.26,0.03,8.0,0.0
68,3.0,0.0,0.0,0.0,0.0,14.0,0.0,0.43,21.0,1.0
69,8.0,0.0,0.0,0.0,0.0,14.0,0.0,0.0,11.0,0.0
70,-12.0,0.0,14.0,0.0,0.0,1.0,0.0,0.0,31.0,1.0
71,-1.0,0.0,0.0,0.0,5.0,0.0,0.0,0.85,25.0,1.0
72,-1.0,0.16,0.0,0.0,0.0,6.0,1.55,0.39,24.0,0.0
73,6.0,3.97,0.0,0.0,3.0,0.0,0.12,1.23,10.0,1.0
74,7.0,0.0,0.0,0.0,0.0,11.0,0.78,0.0,14.0,1.0
75,5.0,0.0,0.0,0.0,0.0,6.0,0.0,0.0,18.0,0.0
76,-5.0,0.0,1.0,4.0,0.0,7.0,0.02,0.04,6.0,0.0
77,4.0,0.23,0.0,0.0,0.0,15.0,0.41,0.29,6.0,1.0
78,-5.0,0.0,0.0,0.0,0.0,21.0,0.0,0.0,24.0,0.0
79,2.0,0.0,0.0,0.0,5.0,0.0,0.04,0.0,9.0,1.0
80,5.0,0.79,0.0,1.0,0.0,2.0,0.0,0.0,3.0,0.0
81,12.0,0.0,0.0,7.0,8.0,0.0,0.0,0.0,18.0,0.0
82,1.0,0.0,0.0,0.0,0.0,11.0,0.0,0.65,20.0,0.0
83,10.0,0.16,0.0,0.0,0.0,8.0,0.0,0.05,12.0,1.0
84,7.0,0.48,0.0,1.0,0.0,10.0,0.91,0.09,12.0,1.0
85,-1.0,0.0,0.0,0.0,0.0,13.0,0.23,0.0,6.0,1.0
86,-8.0,0.0,0.0,0.0,0.0,4.0,0.0,0.16,22.0,1.0
87,14.0,0.84,0.0,7.0,0.0,7.0,0.55,0.0,3.0,0.0
88,7.0,0.06,0.0,0.0,0.0,16.0,1.31,1.43,21.0,0.0
89,8.0,0.0,0.0,0.0,0.0,13.0,0.0,0.0,5.0,0.0
90,3.0,0.17,0.0,0.0,0.0,2.0,0.19,0.0,20.0,0.0
91,-7.0,0.52,5.0,0.0,0.0,6.0,0.93,0.0,23.0,1.0
92,-6.0,1.14,6.0,4.0,3.0,0.0,0.01,0.3,6.0,0.0
93,-2.0,0.0,0.0,0.0,0.0,8.0,0.0,0.84,23.0,0.0
94,-1.0,0.0,0.0,0.0,5.0,0.0,0.0,0.85,25.0,1.0
95,-6.0,0.06,7.0,4.0,0.0,6.0,0.15,0.0,7.0,1.0
96,2.0,0.23,0.0,0.0,0.0,0.0,0.01,0.0,25.0,0.0
97,5.0,0.7,0.0,0.0,0.0,14.0,0.7,0.0,5.0,1.0
98,-8.0,0.0,4.0,0.0,0.0,13.0,0.25,0.0,3.0,0.0
99,0.0,0.0,0.0,0.0,0.0,6.0,0.0,0.0,26.0,0.0
100,-10.0,0.0,0.0,0.0,0.0,8.0,0.32,0.0,16.0,1.0
101,-4.0,0.33,0.0,0.0,0.0,5.0,0.0,0.0,2.0,0.0
102,7.0,0.0,0.0,0.0,0.0,21.0,0.18,1.55,9.0,1.0
103,-1.0,0.0,0.0,0.0,0.0,13.0,0.23,0.0,6.0,1.0
104,4.0,0.24,0.0,0.0,0.0,5.0,2.35,0.48,18.0,0.0
105,-5.0,0.0,0.0,0.0,0.0,21.0,0.0,0.0,24.0,0.0
106,5.0,0.79,0.0,1.0,0.0,2.0,0.0,0.0,3.0,0.0
107,-5.0,0.0,0.0,0.0,0.0,21.0,0.0,0.0,24.0,0.0
108,-7.0,0.52,5.0,0.0,0.0,6.0,0.93,0.0,23.0,1.0
109,14.0,0.0,0.0,0.0,0.0,9.0,0.02,0.0,2.0,0.0
110,-2.0,0.0,0.0,0.0,0.0,11.0,0.0,0.0,28.0,0.0
111,6.0,0.92,0.0,0.0,0.0,6.0,1.48,0.18,23.0,0.0
112,12.0,0.0,0.0,15.0,4.0,0.0,0.0,0.0,33.0,1.0
113,7.0,0.0,0.0,0.0,0.0,11.0,0.78,0.0,14.0,1.0
114,9.0,0.09,0.0,0.0,0.0,2.0,0.01,3.97,18.0,0.0
115,8.0,0.0,0.0,0.0,0.0,8.0,0.0,0.0,24.0,1.0
116,5.0,0.0,0.0,0.0,0.0,6.0,0.0,0.0,18.0,0.0
117,-4.0,0.0,0.0,0.0,0.0,7.0,0.0,0.01,28.0,1.0
118,-2.0,0.0,0.0,0.0,0.0,11.0,0.0,0.0,28.0,0.0
119,-2.0,0.0,0.0,0.0,0.0,13.0,0.0,0.41,25.0,0.0
120,-7.0,0.52,5.0,0.0,0.0,6.0,0.93,0.0,23.0,1.0
121,11.0,0.0,0.0,0.0,0.0,12.0,0.0,0.0,21.0,0.0
122,-3.0,0.0,0.0,0.0,0.0,8.0,0.0,0.08,21.0,0.0
123,7.0,0.39,0.0,0.0,0.0,12.0,0.0,0.0,6.0,0.0
124,3.0,0.0,0.0,0.0,0.0,14.0,0.0,0.43,21.0,1.0
125,-8.0,0.0,0.0,0.0,0.0,4.0,0.0,0.16,22.0,1.0
126,-2.0,0.0,0.0,0.0,0.0,8.0,0.0,0.84,23.0,0.0
127,5.0,0.0,0.0,0.0,0.0,9.0,0.0,0.01,2.0,0.0
128,7.0,0.0,0.0,0.0,0.0,21.0,0.18,1.55,9.0,1.0
129,6.0,3.97,0.0,0.0,3.0,0.0,0.12,1.23,10.0,1.0
130,-6.0,0.06,7.0,4.0,0.0,6.0,0.15,0.0,7.0,1.0
131,12.0,0.0,0.0,7.0,8.0,0.0,0.0,0.0,18.0,0.0
132,-8.0,0.0,4.0,0.0,0.0,13.0,0.25,0.0,3.0,0.0
133,-3.0,0.0,0.0,0.0,0.0,12.0,0.43,0.0,24.0,1.0
134,-1.0,0.0,0.0,0.0,0.0,6.0,0.0,0.07,19.0,0.0
135,-7.0,0.0,0.0,0.0,0.0,6.0,0.01,0.45,18.0,0.0
136,8.0,0.0,0.0,0.0,0.0,10.0,0.0,0.0,6.0,1.0
137,12.0,0.0,0.0,7.0,8.0,0.0,0.0,0.0,18.0,0.0
138,0.0,0.0,0.0,0.0,0.0,6.0,0.0,0.0,26.0,0.0
139,-5.0,0.0,0.0,0.0,0.0,21.0,0.0,0.0,24.0,0.0
140,4.0,0.0,0.0,0.0,0.0,12.0,0.0,0.0,16.0,1.0
141,9.0,0.0,0.0,0.0,0.0,13.0,0.0,0.34,36.0,1.0
142,0.0,0.0,0.0,0.0,0.0,6.0,0.0,0.0,26.0,0.0
143,-8.0,0.0,4.0,0.0,0.0,13.0,0.25,0.0,3.0,0.0
144,2.0,0.23,0.0,0.0,0.0,0.0,0.01,0.0,25.0,0.0
145,12.0,0.0,0.0,7.0,8.0,0.0,0.0,0.0,18.0,0.0
146,1.0,0.0,0.0,0.0,0.0,11.0,0.0,0.65,20.0,0.0
147,7.0,0.0,0.0,0.0,0.0,21.0,0.18,1.55,9.0,1.0
148,-7.0,0.0,1.0,0.0,0.0,7.0,0.0,0.27,27.0,0.0
149,-4.0,0.0,0.0,0.0,0.0,7.0,0.0,0.01,28.0,1.0
150,-3.0,0.0,0.0,0.0,0.0,8.0,0.0,0.08,21.0,0.0
151,14.0,0.0,0.0,0.0,0.0,9.0,0.02,0.0,2.0,0.0
152,18.0,0.0,0.0,0.0,0.0,1.0,0.0,0.0,21.0,0.0
153,3.0,1.55,0.0,0.0,0.0,5.0,0.11,0.0,29.0,0.0
154,5.0,0.79,0.0,1.0,0.0,2.0,0.0,0.0,3.0,0.0
155,12.0,0.0,0.0,15.0,4.0,0.0,0.0,0.0,33.0,1.0
156,-4.0,0.0,0.0,0.0,0.0,7.0,0.0,0.01,28.0,1.0
157,11.0,0.0,0.0,0.0,0.0,12.0,0.0,0.0,21.0,0.0
158,-2.0,0.0,0.0,0.0,0.0,11.0,0.0,0.0,28.0,0.0
159,5.0,0.79,0.0,1.0,0.0,2.0,0.0,0.0,3.0,0.0
160,-7.0,0.0,1.0,0.0,0.0,7.0,0.0,0.27,27.0,0.0
161,-4.0,0.33,0.0,0.0,0.0,5.0,0.0,0.0,2.0,0.0
162,8.0,0.0,0.0,0.0,0.0,13.0,0.0,0.0,5.0,0.0
163,10.0,0.58,0.0,0.0,0.0,6.0,0.0,0.0,23.0,0.0
164,9.0,0.37,0.0,0.0,0.0,11.0,0.48,1.33,10.0,1.0
165,5.0,0.5,0.0,0.0,0.0,2.0,0.0,0.0,19.0,0.0
166,1.0,0.0,0.0,0.0,0.0,11.0,0.0,0.65,20.0,0.0
167,-10.0,0.12,0.0,0.0,1.0,0.0,0.44,0.0,27.0,1.0
168,18.0,0.0,0.0,0.0,0.0,1.0,0.0,0.0,21.0,0.0
169,10.0,0.0,0.0,1.0,3.0,0.0,0.0,0.29,22.0,1.0
170,-2.0,0.14,0.0,0.0,1.0,0.0,0.0,0.04,13.0,0.0
171,14.0,0.84,0.0,7.0,0.0,7.0,0.55,0.0,3.0,0.0
172,5.0,0.0,0.0,0.0,0.0,9.0,0.0,0.01,2.0,0.0
173,-3.0,0.0,0.0,0.0,0.0,12.0,0.43,0.0,24.0,1.0
174,0.0,0.02,0.0,0.0,0.0,1.0,0.0,0.14,23.0,0.0
175,4.0,0.24,0.0,0.0,0.0,5.0,2.35,0.48,18.0,0.0
176,5.0,0.0,0.0,0.0,0.0,9.0,0.0,0.01,2.0,0.0
177,10.0,0.58,0.0,0.0,0.0,6.0,0.0,0.0,23.0,0.0
178,10.0,0.0,0.0,0.0,6.0,0.0,0.0,0.02,4.0,0.0
179,8.0,0.0,0.0,0.0,0.0,3.0,0.0,0.0,20.0,1.0
180,8.0,0.0,0.0,0.0,0.0,13.0,0.0,0.0,5.0,0.0
181,10.0,0.58,0.0,0.0,0.0,6.0,0.0,0.0,23.0,0.0
182,-2.0,0.14,0.0,0.0,1.0,0.0,0.0,0.04,13.0,0.0
183,8.0,0.0,0.0,0.0,0.0,13.0,0.0,0.0,5.0,0.0
184,2.0,0.0,0.0,0.0,5.0,0.0,0.04,0.0,9.0,1.0
185,1.0,0.0,0.0,2.0,0.0,9.0,0.0,0.0,1.0,0.0
186,18.0,0.0,0.0,0.0,0.0,1.0,0.0,0.0,21.0,0.0
187,14.0,0.0,0.0,0.0,0.0,9.0,0.02,0.0,2.0,0.0
188,8.0,0.0,0.0,0.0,0.0,10.0,0.0,0.0,6.0,1.0
189,7.0,0.06,0.0,0.0,0.0,16.0,1.31,1.43,21.0,0.0
190,8.0,0.0,0.0,0.0,0.0,8.0,0.0,0.0,24.0,1.0
191,5.0,0.7,0.0,0.0,0.0,14.0,0.7,0.0,5.0,1.0
192,6.0,0.92,0.0,0.0,0.0,6.0,1.48,0.18,23.0,0.0
193,11.0,0.0,0.0,0.0,0.0,12.0,0.0,0.0,21.0,0.0
194,-6.0,0.06,7.0,4.0,0.0,6.0,0.15,0.0,7.0,1.0
195,-10.0,0.12,0.0,0.0,1.0,0.0,0.44,0.0,27.0,1.0
196,2.0,0.0,0.0,0.0,0.0,2.0,0.0,0.03,21.0,1.0
197,5.0,0.7,0.0,0.0,0.0,14.0,0.7,0.0,5.0,1.0
198,-10.0,0.0,0.0,0.0,0.0,8.0,0.32,0.0,16.0,1.0
199,8.0,0.0,0.0,0.0,0.0,13.0,0.0,0.0,5.0,0.0
200,18.0,0.0,0.0,0.0,0.0,1.0,0.0,0.0,21.0,0.0
201,9.0,1.31,0.0,0.0,0.0,15.0,0.26,0.03,8.0,0.0
202,-8.0,0.0,4.0,0.0,0.0,13.0,0.25,0.0,3.0,0.0
203,8.0,0.0,0.0,0.0,0.0,13.0,0.0,0.0,5.0,0.0
204,7.0,0.0,0.0,0.0,0.0,21.0,0.18,1.55,9.0,1.0
205,-8.0,0.89,10.0,9.0,0.0,4.0,0.0,0.01,29.0,0.0
206,2.0,0.0,0.0,0.0,0.0,2.0,0.0,0.03,21.0,1.0
207,-7.0,0.0,0.0,0.0,0.0,6.0,0.01,0.45,18.0,0.0
208,-7.0,0.0,1.0,0.0,0.0,7.0,0.0,0.27,27.0,0.0
209,1.0,0.0,0.0,2.0,0.0,9.0,0.0,0.0,1.0,0.0
210,-3.0,0.0,0.0,0.0,0.0,12.0,0.43,0.0,24.0,1.0
211,7.0,0.0,0.0,0.0,0.0,21.0,0.18,1.55,9.0,1.0
212,8.0,0.0,0.0,0.0,0.0,13.0,0.0,0.0,5.0,0.0
213,-2.0,0.0,0.0,0.0,0.0,13.0,0.0,0.41,25.0,0.0
214,-5.0,0.0,0.0,0.0,0.0,21.0,0.0,0.0,24.0,0.0
215,-7.0,0.0,1.0,0.0,0.0,7.0,0.0,0.27,27.0,0.0
216,-2.0,0.14,0.0,0.0,1.0,0.0,0.0,0.04,13.0,0.0
217,8.0,0.0,0.0,0.0,0.0,13.0,0.0,0.0,5.0,0.0
218,-3.0,0.0,0.0,0.0,0.0,12.0,0.43,0.0,24.0,1.0
219,7.0,0.39,0.0,0.0,0.0,12.0,0.0,0.0,6.0,0.0
220,-4.0,0.33,0.0,0.0,0.0,5.0,0.0,0.0,2.0,0.0
221,-8.0,0.0,4.0,0.0,0.0,13.0,0.25,0.0,3.0,0.0
222,-3.0,0.0,0.0,0.0,0.0,8.0,0.0,0.08,21.0,0.0
223,-7.0,0.0,0.0,0.0,0.0,6.0,0.01,0.45,18.0,0.0
224,4.0,0.16,0.0,0.0,0.0,0.0,0.0,0.0,17.0,0.0
225,-1.0,0.0,0.0,0.0,0.0,13.0,0.23,0.0,6.0,1.0
226,10.0,0.0,0.0,0.0,6.0,0.0,0.0,0.02,4.0,0.0
227,-8.0,0.0,4.0,0.0,0.0,13.0,0.25,0.0,3.0,0.0
228,5.0,0.79,0.0,1.0,0.0,2.0,0.0,0.0,3.0,0.0
229,9.0,0.0,0.0,0.0,0.0,13.0,0.0,0.34,36.0,1.0
230,7.0,0.48,0.0,1.0,0.0,10.0,0.91,0.09,12.0,1.0
231,-7.0,0.0,0.0,0.0,0.0,6.0,0.01,0.45,18.0,0.0
232,7.0,0.0,0.0,0.0,0.0,2.0,0.0,0.0,20.0,0.0
233,5.0,0.7,0.0,0.0,0.0,14.0,0.7,0.0,5.0,1.0
234,3.0,0.0,4.0,8.0,0.0,12.0,0.0,0.0,10.0,1.0
235,7.0,0.0,0.0,0.0,0.0,11.0,0.78,0.0,14.0,1.0
236,16.0,0.0,0.0,0.0,0.0,6.0,0.0,0.04,15.0,0.0
237,4.0,0.24,0.0,0.0,0.0,5.0,2.35,0.48,18.0,0.0
238,4.0,0.24,0.0,0.0,0.0,5.0,2.35,0.48,18.0,0.0
239,-6.0,0.06,7.0,4.0,0.0,6.0,0.15,0.0,7.0,1.0
240,8.0,0.0,0.0,0.0,0.0,10.0,0.0,0.0,6.0,1.0
241,-8.0,0.09,7.0,6.0,10.0,0.0,0.06,0.31,6.0,0.0
242,10.0,0.0,0.0,0.0,6.0,0.0,0.0,0.02,4.0,0.0
243,-6.0,0.0,0.0,2.0,0.0,12.0,0.0,0.0,2.0,0.0
244,2.0,0.23,0.0,0.0,0.0,0.0,0.01,0.0,25.0,0.0
245,-2.0,0.14,0.0,0.0,1.0,0.0,0.0,0.04,13.0,0.0
246,16.0,0.0,0.0,0.0,0.0,6.0,0.0,0.04,15.0,0.0
247,9.0,1.31,0.0,0.0,0.0,15.0,0.26,0.03,8.0,0.0
248,4.0,0.16,0.0,0.0,0.0,0.0,0.0,0.0,17.0,0.0
249,-2.0,0.0,0.0,0.0,0.0,8.0,0.0,0.84,23.0,0.0
250,14.0,0.84,0.0,7.0,0.0,7.0,0.55,0.0,3.0,0.0
251,0.0,0.08,0.0,0.0,0.0,6.0,0.0,0.0,7.0,0.0
252,10.0,0.16,0.0,0.0,0.0,8.0,0.0,0.05,12.0,1.0
253,7.0,0.0,0.0,0.0,0.0,3.0,0.0,0.0,7.0,0.0
254,5.0,0.79,0.0,1.0,0.0,2.0,0.0,0.0,3.0,0.0
255,7.0,0.06,0.0,0.0,0.0,16.0,1.31,1.43,21.0,0.0
256,-5.0,0.0,1.0,4.0,0.0,7.0,0.02,0.04,6.0,0.0
257,-2.0,0.0,0.0,0.0,0.0,8.0,0.0,0.84,23.0,0.0
258,6.0,0.92,0.0,0.0,0.0,6.0,1.48,0.18,23.0,0.0
259,5.0,0.79,0.0,1.0,0.0,2.0,0.0,0.0,3.0,0.0
260,8.0,0.0,0.0,0.0,0.0,13.0,0.0,0.0,5.0,0.0
261,8.0,0.0,0.0,0.0,0.0,10.0,0.0,0.0,6.0,1.0
262,6.0,3.97,0.0,0.0,3.0,0.0,0.12,1.23,10.0,1.0
263,14.0,0.84,0.0,7.0,0.0,7.0,0.55,0.0,3.0,0.0
264,-2.0,0.0,0.0,0.0,0.0,8.0,0.0,0.84,23.0,0.0
265,-5.0,0.0,0.0,0.0,0.0,21.0,0.0,0.0,24.0,0.0
266,1.0,0.0,0.0,0.0,0.0,5.0,0.05,0.0,34.0,0.0
267,7.0,0.0,0.0,0.0,0.0,2.0,0.0,0.0,20.0,0.0
268,-8.0,0.0,0.0,0.0,0.0,4.0,0.0,0.16,22.0,1.0
269,8.0,0.0,0.0,0.0,0.0,13.0,0.0,0.0,5.0,0.0
270,-1.0,0.0,0.0,0.0,0.0,13.0,0.23,0.0,6.0,1.0
271,10.0,0.0,0.0,1.0,3.0,0.0,0.0,0.29,22.0,1.0
272,10.0,0.58,0.0,0.0,0.0,6.0,0.0,0.0,23.0,0.0
273,5.0,0.0,0.0,0.0,0.0,9.0,0.0,0.01,2.0,0.0
274,5.0,0.7,0.0,0.0,0.0,14.0,0.7,0.0,5.0,1.0
275,-10.0,0.12,0.0,0.0,1.0,0.0,0.44,0.0,27.0,1.0
276,12.0,0.0,0.0,7.0,8.0,0.0,0.0,0.0,18.0,0.0
277,-2.0,0.0,0.0,0.0,0.0,8.0,0.0,0.84,23.0,0.0
278,5.0,0.0,0.0,0.0,0.0,17.0,0.0,0.0,30.0,1.0
279,7.0,0.0,0.0,0.0,0.0,21.0,0.18,1.55,9.0,1.0
280,9.0,1.31,0.0,0.0,0.0,15.0,0.26,0.03,8.0,0.0
281,3.0,0.17,0.0,0.0,0.0,2.0,0.19,0.0,20.0,0.0
282,9.0,0.0,0.0,0.0,0.0,13.0,0.0,0.34,36.0,1.0
283,14.0,0.0,0.0,0.0,0.0,9.0,0.02,0.0,2.0,0.0
284,4.0,0.24,0.0,0.0,0.0,5.0,2.35,0.48,18.0,0.0
285,1.0,0.0,0.0,2.0,0.0,9.0,0.0,0.0,1.0,0.0
286,8.0,0.0,0.0,0.0,0.0,13.0,0.0,0.0,5.0,0.0
287,0.0,0.02,0.0,0.0,0.0,1.0,0.0,0.14,23.0,0.0
288,10.0,0.0,0.0,0.0,6.0,0.0,0.0,0.02,4.0,0.0
289,11.0,0.18,0.0,0.0,0.0,1.0,0.0,0.0,27.0,0.0
290,10.0,0.0,0.0,0.0,6.0,0.0,0.0,0.02,4.0,0.0
291,10.0,0.0,0.0,1.0,3.0,0.0,0.0,0.29,22.0,1.0
292,-2.0,0.0,3.0,6.0,1.0,0.0,0.0,0.0,3.0,1.0
293,0.0,0.02,0.0,0.0,0.0,1.0,0.0,0.14,23.0,0.0
294,-2.0,0.14,0.0,0.0,1.0,0.0,0.0,0.04,13.0,0.0
295,1.0,0.0,0.0,0.0,0.0,11.0,0.0,0.65,20.0,0.0
296,1.0,0.0,0.0,0.0,0.0,5.0,0.05,0.0,34.0,0.0
297,8.0,0.0,0.0,0.0,0.0,13.0,0.0,0.0,5.0,0.0
298,-10.0,0.0,0.0,0.0,0.0,8.0,0.32,0.0,16.0,1.0
299,-10.0,0.0,0.0,0.0,0.0,8.0,0.32,0.0,16.0,1.0
300,8.0,0.0,0.0,0.0,0.0,8.0,0.0,0.0,24.0,1.0
301,8.0,0.0,0.0,0.0,0.0,13.0,0.0,0.0,5.0,0.0
302,-2.0,0.0,0.0,0.0,0.0,11.0,0.0,0.0,28.0,0.0
303,-6.0,0.0,7.0,3.0,13.0,0.0,0.0,0.0,18.0,0.0
304,3.0,1.55,0.0,0.0,0.0,5.0,0.11,0.0,29.0,0.0
305,8.0,0.0,0.0,0.0,0.0,13.0,0.0,0.0,5.0,0.0
306,7.0,0.48,0.0,1.0,0.0,10.0,0.91,0.09,12.0,1.0
307,10.0,0.0,0.0,1.0,3.0,0.0,0.0,0.29,22.0,1.0
308,10.0,0.0,0.0,0.0,6.0,0.0,0.0,0.02,4.0,0.0
309,5.0,0.0,0.0,0.0,0.0,17.0,0.0,0.0,30.0,1.0
310,4.0,0.0,0.0,0.0,0.0,12.0,0.0,0.0,16.0,1.0
311,7.0,0.0,0.0,0.0,0.0,2.0,0.0,0.0,20.0,0.0
312,-3.0,0.0,0.0,0.0,0.0,12.0,0.43,0.0,24.0,1.0
313,-7.0,0.0,0.0,0.0,0.0,6.0,0.01,0.45,18.0,0.0
314,5.0,0.0,0.0,0.0,0.0,9.0,0.0,0.01,2.0,0.0
315,0.0,0.02,0.0,0.0,0.0,1.0,0.0,0.14,23.0,0.0
316,-2.0,0.14,0.0,0.0,1.0,0.0,0.0,0.04,13.0,0.0
317,4.0,0.23,0.0,0.0,0.0,15.0,0.41,0.29,6.0,1.0
318,-2.0,0.0,0.0,0.0,0.0,8.0,0.0,0.84,23.0,0.0
319,-2.0,0.0,0.0,0.0,0.0,8.0,0.0,0.84,23.0,0.0
320,3.0,0.0,0.0,0.0,0.0,14.0,0.0,0.43,21.0,1.0
321,4.0,0.24,0.0,0.0,0.0,5.0,2.35,0.48,18.0,0.0
322,-8.0,0.0,0.0,0.0,0.0,4.0,0.0,0.16,22.0,1.0
323,7.0,0.48,0.0,1.0,0.0,10.0,0.91,0.09,12.0,1.0
324,12.0,0.0,0.0,7.0,8.0,0.0,0.0,0.0,18.0,0.0
325,-7.0,0.0,1.0,0.0,0.0,7.0,0.0,0.27,27.0,0.0
326,0.0,0.0,0.0,0.0,0.0,6.0,0.0,0.0,26.0,0.0
327,1.0,0.0,0.0,2.0,0.0,9.0,0.0,0.0,1.0,0.0
328,9.0,1.31,0.0,0.0,0.0,15.0,0.26,0.03,8.0,0.0
329,12.0,0.0,0.0,15.0,4.0,0.0,0.0,0.0,33.0,1.0
330,-3.0,0.0,0.0,0.0,0.0,12.0,0.43,0.0,24.0,1.0
331,7.0,0.39,0.0,0.0,0.0,12.0,0.0,0.0,6.0,0.0
332,5.0,0.7,0.0,0.0,0.0,14.0,0.7,0.0,5.0,1.0
333,10.0,0.0,0.0,1.0,3.0,0.0,0.0,0.29,22.0,1.0
334,12.0,0.0,0.0,7.0,8.0,0.0,0.0,0.0,18.0,0.0
335,4.0,0.0,0.0,0.0,0.0,12.0,0.0,0.0,16.0,1.0
336,-3.0,0.0,0.0,0.0,0.0,8.0,0.0,0.0,33.0,0.0
337,-6.0,1.14,6.0,4.0,3.0,0.0,0.01,0.3,6.0,0.0
338,1.0,0.0,0.0,0.0,0.0,11.0,0.0,0.65,20.0,0.0
339,-10.0,0.0,0.0,0.0,0.0,8.0,0.32,0.0,16.0,1.0
340,3.0,0.0,4.0,8.0,0.0,12.0,0.0,0.0,10.0,1.0
341,2.0,0.23,0.0,0.0,0.0,0.0,0.01,0.0,25.0,0.0
342,10.0,0.0,0.0,0.0,6.0,0.0,0.0,0.02,4.0,0.0
343,8.0,0.0,0.0,0.0,0.0,10.0,0.0,0.0,6.0,1.0
344,-12.0,0.0,11.0,6.0,1.0,0.0,0.12,0.0,10.0,1.0
345,10.0,0.58,0.0,0.0,0.0,6.0,0.0,0.0,23.0,0.0
346,-8.0,0.0,0.0,0.0,0.0,4.0,0.0,0.16,22.0,1.0
347,-8.0,0.09,7.0,6.0,10.0,0.0,0.06,0.31,6.0,0.0
348,-12.0,0.0,14.0,0.0,0.0,1.0,0.0,0.0,31.0,1.0
349,-2.0,0.0,0.0,0.0,0.0,13.0,0.0,0.41,25.0,0.0
350,-5.0,0.0,0.0,0.0,0.0,21.0,0.0,0.0,24.0,0.0
351,7.0,0.0,0.0,0.0,0.0,3.0,0.0,0.0,7.0,0.0
352,5.0,0.05,0.0,0.0,0.0,16.0,0.06,0.26,10.0,0.0
353,1.0,0.0,0.0,2.0,0.0,9.0,0.0,0.0,1.0,0.0
354,-1.0,0.0,0.0,0.0,0.0,6.0,0.0,0.07,19.0,0.0
355,5.0,0.0,0.0,0.0,0.0,9.0,0.0,0.01,2.0,0.0
356,-3.0,0.0,10.0,11.0,3.0,0.0,0.0,0.12,3.0,0.0
357,-8.0,0.89,10.0,9.0,0.0,4.0,0.0,0.01,29.0,0.0
358,9.0,0.0,0.0,0.0,0.0,13.0,0.0,0.34,36.0,1.0
359,7.0,0.39,0.0,0.0,0.0,12.0,0.0,0.0,6.0,0.0
360,4.0,0.23,0.0,0.0,0.0,15.0,0.41,0.29,6.0,1.0
361,7.0,0.39,0.0,0.0,0.0,12.0,0.0,0.0,6.0,0.0
362,13.0,0.27,0.0,2.0,0.0,11.0,0.0,0.0,3.0,0.0
363,7.0,0.48,0.0,1.0,0.0,10.0,0.91,0.09,12.0,1.0
364,7.0,0.39,0.0,0.0,0.0,12.0,0.0,0.0,6.0,0.0
365,-1.0,0.0,0.0,0.0,0.0,14.0,0.0,0.0,4.0,1.0
366,5.0,0.5,0.0,0.0,0.0,2.0,0.0,0.0,19.0,0.0
367,10.0,0.0,0.0,1.0,3.0,0.0,0.0,0.29,22.0,1.0
368,-1.0,0.0,0.0,0.0,5.0,0.0,0.0,0.85,25.0,1.0
369,-1.0,0.16,0.0,0.0,0.0,6.0,1.55,0.39,24.0,0.0
370,-7.0,0.0,1.0,0.0,0.0,7.0,0.0,0.27,27.0,0.0
371,7.0,0.0,0.0,0.0,0.0,2.0,0.0,0.0,20.0,0.0
372,-7.0,0.52,5.0,0.0,0.0,6.0,0.93,0.0,23.0,1.0
373,8.0,0.0,0.0,0.0,0.0,14.0,0.0,0.0,11.0,0.0
374,9.0,0.37,0.0,0.0,0.0,11.0,0.48,1.33,10.0,1.0
375,3.0,0.17,0.0,0.0,0.0,2.0,0.19,0.0,20.0,0.0
376,-8.0,0.89,10.0,9.0,0.0,4.0,0.0,0.01,29.0,0.0
377,-6.0,0.0,0.0,2.0,0.0,12.0,0.0,0.0,2.0,0.0
378,8.0,0.0,0.0,0.0,0.0,13.0,0.0,0.0,5.0,0.0
379,7.0,0.39,0.0,0.0,0.0,12.0,0.0,0.0,6.0,0.0
380,5.0,0.79,0.0,1.0,0.0,2.0,0.0,0.0,3.0,0.0
381,10.0,0.58,0.0,0.0,0.0,6.0,0.0,0.0,23.0,0.0
382,12.0,0.0,0.0,7.0,8.0,0.0,0.0,0.0,18.0,0.0
383,8.0,0.0,0.0,0.0,0.0,8.0,0.0,0.0,24.0,1.0
384,5.0,0.5,0.0,0.0,0.0,2.0,0.0,0.0,19.0,0.0
385,-2.0,0.14,0.0,0.0,1.0,0.0,0.0,0.04,13.0,0.0
386,-1.0,0.0,0.0,0.0,0.0,6.0,0.0,0.07,19.0,0.0
387,-9.0,0.42,0.0,0.0,0.0,9.0,0.39,0.04,22.0,0.0
388,9.0,0.0,0.0,0.0,0.0,13.0,0.0,0.34,36.0,1.0
389,-10.0,0.0,0.0,0.0,0.0,8.0,0.32,0.0,16.0,1.0
390,-8.0,0.89,10.0,9.0,0.0,4.0,0.0,0.01,29.0,0.0
391,2.0,0.0,0.0,0.0,0.0,2.0,0.0,0.03,21.0,1.0
392,5.0,0.0,0.0,0.0,0.0,9.0,0.0,0.01,2.0,0.0
393,6.0,3.97,0.0,0.0,3.0,0.0,0.12,1.23,10.0,1.0
394,10.0,0.16,0.0,0.0,0.0,8.0,0.0,0.05,12.0,1.0
395,7.0,0.0,0.0,0.0,0.0,21.0,0.18,1.55,9.0,1.0
396,5.0,0.7,0.0,0.0,0.0,14.0,0.7,0.0,5.0,1.0
397,10.0,0.0,0.0,1.0,3.0,0.0,0.0,0.29,22.0,1.0
398,5.0,0.5,0.0,0.0,0.0,2.0,0.0,0.0,19.0,0.0
399,-3.0,0.0,0.0,0.0,0.0,12.0,0.43,0.0,24.0,1.0
400,-2.0,0.0,0.0,0.0,0.0,13.0,0.0,0.41,25.0,0.0
401,-2.0,0.0,0.0,0.0,0.0,4.0,0.5,0.0,1.0,0.0
402,-8.0,0.0,4.0,0.0,0.0,13.0,0.25,0.0,3.0,0.0
403,7.0,0.39,0.0,0.0,0.0,12.0,0.0,0.0,6.0,0.0
404,10.0,0.0,0.0,0.0,6.0,0.0,0.0,0.02,4.0,0.0
405,-4.0,0.0,0.0,0.0,0.0,7.0,0.0,0.01,28.0,1.0
406,-3.0,0.0,0.0,0.0,0.0,8.0,0.0,0.0,33.0,0.0
407,3.0,0.0,4.0,8.0,0.0,12.0,0.0,0.0,10.0,1.0
408,8.0,0.0,0.0,0.0,0.0,10.0,0.0,0.0,6.0,1.0
409,5.0,0.0,0.0,0.0,0.0,17.0,0.0,0.0,30.0,1.0
410,8.0,0.0,0.0,0.0,0.0,13.0,0.0,0.0,5.0,0.0
411,-3.0,0.0,0.0,0.0,0.0,8.0,0.0,0.0,33.0,0.0
412,5.0,0.0,0.0,0.0,0.0,6.0,0.0,0.0,18.0,0.0
413,-7.0,0.0,1.0,0.0,0.0,7.0,0.0,0.27,27.0,0.0
414,0.0,0.08,0.0,0.0,0.0,6.0,0.0,0.0,7.0,0.0
415,2.0,0.0,0.0,0.0,5.0,0.0,0.04,0.0,9.0,1.0
416,5.0,0.05,0.0,0.0,0.0,16.0,0.06,0.26,10.0,0.0
417,12.0,0.0,0.0,7.0,8.0,0.0,0.0,0.0,18.0,0.0
418,10.0,0.58,0.0,0.0,0.0,6.0,0.0,0.0,23.0,0.0
419,10.0,0.58,0.0,0.0,0.0,6.0,0.0,0.0,23.0,0.0
420,-3.0,0.0,10.0,11.0,3.0,0.0,0.0,0.12,3.0,0.0
421,1.0,0.0,0.0,2.0,0.0,9.0,0.0,0.0,1.0,0.0
422,5.0,0.0,0.0,0.0,0.0,9.0,0.0,0.01,2.0,0.0
423,-2.0,0.0,0.0,0.0,0.0,4.0,0.5,0.0,1.0,0.0
424,2.0,0.0,0.0,0.0,0.0,2.0,0.0,0.03,21.0,1.0
425,3.0,1.55,0.0,0.0,0.0,5.0,0.11,0.0,29.0,0.0
426,7.0,0.39,0.0,0.0,0.0,12.0,0.0,0.0,6.0,0.0
427,18.0,0.0,0.0,0.0,0.0,1.0,0.0,0.0,21.0,0.0
428,-8.0,0.0,4.0,0.0,0.0,13.0,0.25,0.0,3.0,0.0
429,8.0,0.0,0.0,0.0,0.0,13.0,0.0,0.0,5.0,0.0
430,4.0,0.59,0.0,0.0,0.0,10.0,0.92,0.03,19.0,1.0
431,-1.0,0.0,0.0,0.0,5.0,0.0,0.0,0.85,25.0,1.0
432,2.0,0.23,0.0,0.0,0.0,0.0,0.01,0.0,25.0,0.0
433,-3.0,0.0,0.0,0.0,0.0,8.0,0.0,0.0,33.0,0.0
434,5.0,0.7,0.0,0.0,0.0,14.0,0.7,0.0,5.0,1.0
435,7.0,0.39,0.0,0.0,0.0,12.0,0.0,0.0,6.0,0.0
436,11.0,0.18,0.0,0.0,0.0,1.0,0.0,0.0,27.0,0.0
437,8.0,0.0,0.0,0.0,0.0,13.0,0.0,0.0,5.0,0.0
438,8.0,0.0,0.0,0.0,0.0,13.0,0.0,0.0,5.0,0.0
439,7.0,0.48,0.0,1.0,0.0,10.0,0.91,0.09,12.0,1.0
440,5.0,0.0,0.0,0.0,0.0,9.0,0.0,0.01,2.0,0.0
441,-1.0,0.0,1.0,3.0,0.0,1.0,0.0,1.14,7.0,1.0
442,7.0,0.39,0.0,0.0,0.0,12.0,0.0,0.0,6.0,0.0
443,6.0,3.97,0.0,0.0,3.0,0.0,0.12,1.23,10.0,1.0
444,-3.0,0.0,0.0,0.0,0.0,12.0,0.43,0.0,24.0,1.0
445,-6.0,0.0,0.0,2.0,0.0,12.0,0.0,0.0,2.0,0.0
446,-6.0,0.06,7.0,4.0,0.0,6.0,0.15,0.0,7.0,1.0
447,9.0,0.37,0.0,0.0,0.0,11.0,0.48,1.33,10.0,1.0
448,5.0,0.7,0.0,0.0,0.0,14.0,0.7,0.0,5.0,1.0
449,7.0,0.06,0.0,0.0,0.0,16.0,1.31,1.43,21.0,0.0
450,-3.0,0.0,0.0,0.0,0.0,12.0,0.43,0.0,24.0,1.0
451,3.0,1.55,0.0,0.0,0.0,5.0,0.11,0.0,29.0,0.0
452,9.0,1.31,0.0,0.0,0.0,15.0,0.26,0.03,8.0,0.0
453,8.0,0.0,0.0,0.0,0.0,13.0,0.0,0.0,5.0,0.0
454,7.0,0.39,0.0,0.0,0.0,12.0,0.0,0.0,6.0,0.0
455,5.0,0.0,0.0,0.0,0.0,9.0,0.0,0.01,2.0,0.0
456,4.0,0.0,0.0,0.0,0.0,12.0,0.0,0.0,16.0,1.0
457,2.0,0.23,0.0,0.0,0.0,0.0,0.01,0.0,25.0,0.0
458,7.0,0.0,0.0,0.0,0.0,3.0,0.0,0.0,7.0,0.0
459,7.0,0.39,0.0,0.0,0.0,12.0,0.0,0.0,6.0,0.0
460,-6.0,1.14,6.0,4.0,3.0,0.0,0.01,0.3,6.0,0.0
461,-4.0,0.33,0.0,0.0,0.0,5.0,0.0,0.0,2.0,0.0
462,10.0,0.0,0.0,0.0,6.0,0.0,0.0,0.02,4.0,0.0
463,8.0,0.0,0.0,0.0,0.0,8.0,0.0,0.0,24.0,1.0
464,9.0,1.31,0.0,0.0,0.0,15.0,0.26,0.03,8.0,0.0
465,8.0,0.0,0.0,0.0,0.0,10.0,0.0,0.0,6.0,1.0
466,-2.0,0.14,0.0,0.0,1.0,0.0,0.0,0.04,13.0,0.0
467,8.0,0.0,0.0,0.0,0.0,13.0,0.0,0.0,5.0,0.0
468,9.0,0.09,0.0,0.0,0.0,2.0,0.01,3.97,18.0,0.0
469,-2.0,0.14,0.0,0.0,1.0,0.0,0.0,0.04,13.0,0.0
470,-1.0,0.0,0.0,0.0,0.0,6.0,0.0,0.07,19.0,0.0
471,3.0,0.17,0.0,0.0,0.0,2.0,0.19,0.0,20.0,0.0
472,4.0,0.23,0.0,0.0,0.0,15.0,0.41,0.29,6.0,1.0
473,2.0,0.23,0.0,0.0,0.0,0.0,0.01,0.0,25.0,0.0
474,2.0,0.0,0.0,0.0,0.0,2.0,0.0,0.03,21.0,1.0
475,-5.0,0.0,0.0,0.0,0.0,21.0,0.0,0.0,24.0,0.0
476,14.0,0.84,0.0,7.0,0.0,7.0,0.55,0.0,3.0,0.0
477,10.0,0.0,0.0,0.0,6.0,0.0,0.0,0.02,4.0,0.0
478,8.0,0.0,0.0,0.0,0.0,8.0,0.0,0.0,24.0,1.0
479,4.0,0.0,0.0,0.0,0.0,12.0,0.0,0.0,16.0,1.0
480,9.0,0.0,0.0,0.0,0.0,13.0,0.0,0.34,36.0,1.0
481,6.0,3.97,0.0,0.0,3.0,0.0,0.12,1.23,10.0,1.0
482,-2.0,0.0,0.0,0.0,0.0,4.0,0.5,0.0,1.0,0.0
483,5.0,0.7,0.0,0.0,0.0,14.0,0.7,0.0,5.0,1.0
484,-6.0,0.0,7.0,3.0,13.0,0.0,0.0,0.0,18.0,0.0
485,7.0,0.48,0.0,1.0,0.0,10.0,0.91,0.09,12.0,1.0
486,7.0,0.39,0.0,0.0,0.0,12.0,0.0,0.0,6.0,0.0
487,8.0,0.0,0.0,0.0,0.0,13.0,0.0,0.0,5.0,0.0
488,10.0,0.0,0.0,1.0,3.0,0.0,0.0,0.29,22.0,1.0
489,-2.0,0.0,0.0,0.0,0.0,4.0,0.5,0.0,1.0,0.0
490,12.0,0.0,0.0,7.0,8.0,0.0,0.0,0.0,18.0,0.0
491,4.0,0.23,0.0,0.0,0.0,15.0,0.41,0.29,6.0,1.0
492,1.0,0.0,0.0,0.0,0.0,5.0,0.05,0.0,34.0,0.0
493,9.0,0.37,0.0,0.0,0.0,11.0,0.48,1.33,10.0,1.0
494,4.0,0.24,0.0,0.0,0.0,5.0,2.35,0.48,18.0,0.0
495,-6.0,0.0,0.0,2.0,0.0,12.0,0.0,0.0,2.0,0.0
496,4.0,0.16,0.0,0.0,0.0,0.0,0.0,0.0,17.0,0.0
497,-12.0,0.0,14.0,0.0,0.0,1.0,0.0,0.0,31.0,1.0
498,-1.0,0.0,1.0,3.0,0.0,1.0,0.0,1.14,7.0,1.0
499,-2.0,0.0,0.0,0.0,0.0,8.0,0.0,0.84,23.0,0.0
500,18.0,0.0,0.0,0.0,0.0,1.0,0.0,0.0,21.0,0.0
501,4.0,0.24,0.0,0.0,0.0,5.0,2.35,0.48,18.0,0.0
502,5.0,0.0,0.0,0.0,0.0,17.0,0.0,0.0,30.0,1.0
503,8.0,0.0,0.0,0.0,0.0,13.0,0.0,0.0,5.0,0.0
504,-3.0,0.0,0.0,0.0,0.0,8.0,0.0,0.08,21.0,0.0
505,9.0,1.31,0.0,0.0,0.0,15.0,0.26,0.03,8.0,0.0
506,-2.0,0.0,3.0,6.0,1.0,0.0,0.0,0.0,3.0,1.0
507,11.0,0.0,0.0,0.0,0.0,12.0,0.0,0.0,21.0,0.0
508,-2.0,0.0,0.0,0.0,0.0,11.0,0.0,0.0,28.0,0.0
509,9.0,1.31,0.0,0.0,0.0,15.0,0.26,0.03,8.0,0.0
510,-4.0,0.33,0.0,0.0,0.0,5.0,0.0,0.0,2.0,0.0
511,-1.0,0.0,0.0,0.0,0.0,6.0,0.0,0.07,19.0,0.0
512,8.0,0.0,0.0,0.0,0.0,13.0,0.0,0.0,5.0,0.0
513,-6.0,1.14,6.0,4.0,3.0,0.0,0.01,0.3,6.0,0.0
514,-6.0,0.0,7.0,3.0,13.0,0.0,0.0,0.0,18.0,0.0
515,-3.0,0.0,0.0,0.0,0.0,8.0,0.0,0.0,33.0,0.0
516,1.0,0.0,0.0,0.0,0.0,11.0,0.0,0.65,20.0,0.0
517,3.0,1.55,0.0,0.0,0.0,5.0,0.11,0.0,29.0,0.0
518,-3.0,0.0,0.0,0.0,0.0,8.0,0.0,0.0,33.0,0.0
519,-12.0,0.0,14.0,0.0,0.0,1.0,0.0,0.0,31.0,1.0
520,-3.0,0.0,0.0,0.0,0.0,8.0,0.0,0.0,33.0,0.0
521,10.0,0.0,0.0,0.0,6.0,0.0,0.0,0.02,4.0,0.0
522,-2.0,0.0,0.0,0.0,0.0,4.0,0.5,0.0,1.0,0.0
523,3.0,1.55,0.0,0.0,0.0,5.0,0.11,0.0,29.0,0.0
524,5.0,0.0,0.0,0.0,0.0,6.0,0.0,0.0,18.0,0.0
525,18.0,0.0,0.0,0.0,0.0,1.0,0.0,0.0,21.0,0.0
526,1.0,0.0,0.0,0.0,0.0,5.0,0.05,0.0,34.0,0.0
527,-1.0,0.0,0.0,0.0,0.0,6.0,0.0,0.07,19.0,0.0
528,3.0,0.0,4.0,8.0,0.0,12.0,0.0,0.0,10.0,1.0
529,3.0,0.0,0.0,0.0,0.0,14.0,0.0,0.43,21.0,1.0
530,-4.0,0.0,0.0,0.0,0.0,7.0,0.0,0.01,28.0,1.0
531,5.0,0.5,0.0,0.0,0.0,2.0,0.0,0.0,19.0,0.0
532,4.0,0.0,0.0,0.0,0.0,12.0,0.0,0.0,16.0,1.0
533,0.0,0.0,0.0,0.0,0.0,6.0,0.0,0.0,26.0,0.0
534,-2.0,0.0,3.0,6.0,1.0,0.0,0.0,0.0,3.0,1.0
535,5.0,0.0,0.0,0.0,0.0,6.0,0.0,0.0,18.0,0.0
536,-7.0,0.52,5.0,0.0,0.0,6.0,0.93,0.0,23.0,1.0
537,-3.0,0.0,0.0,0.0,0.0,12.0,0.43,0.0,24.0,1.0
538,-3.0,0.0,10.0,11.0,3.0,0.0,0.0,0.12,3.0,0.0
539,5.0,0.0,0.0,0.0,0.0,9.0,0.0,0.01,2.0,0.0
540,2.0,0.0,0.0,0.0,0.0,2.0,0.0,0.03,21.0,1.0
541,8.0,0.0,0.0,0.0,0.0,13.0,0.0,0.0,5.0,0.0
542,12.0,0.0,0.0,7.0,8.0,0.0,0.0,0.0,18.0,0.0
543,3.0,0.0,0.0,0.0,0.0,14.0,0.0,0.43,21.0,1.0
544,5.0,0.0,0.0,0.0,0.0,9.0,0.0,0.01,2.0,0.0
545,8.0,0.0,0.0,0.0,0.0,13.0,0.0,0.0,5.0,0.0
546,1.0,0.0,0.0,0.0,0.0,5.0,0.05,0.0,34.0,0.0
547,5.0,0.0,0.0,0.0,0.0,17.0,0.0,0.0,30.0,1.0
548,18.0,0.0,0.0,0.0,0.0,1.0,0.0,0.0,21.0,0.0
549,-1.0,0.0,0.0,0.0,0.0,13.0,0.23,0.0,6.0,1.0
550,5.0,0.0,0.0,0.0,0.0,6.0,0.0,0.0,18.0,0.0
551,3.0,1.55,0.0,0.0,0.0,5.0,0.11,0.0,29.0,0.0
552,4.0,0.0,0.0,0.0,0.0,12.0,0.0,0.0,16.0,1.0
553,4.0,0.0,0.0,0.0,0.0,12.0,0.0,0.0,16.0,1.0
554,4.0,0.0,0.0,0.0,0.0,12.0,0.0,0.0,16.0,1.0
555,4.0,0.0,0.0,0.0,0.0,12.0,0.0,0.0,16.0,1.0
556,4.0,0.0,0.0,0.0,0.0,12.0,0.0,0.0,16.0,1.0
557,8.0,0.0,0.0,0.0,0.0,13.0,0.0,0.0,5.0,0.0
558,8.0,0.0,0.0,0.0,0.0,13.0,0.0,0.0,5.0,0.0
559,8.0,0.0,0.0,0.0,0.0,13.0,0.0,0.0,5.0,0.0
560,8.0,0.0,0.0,0.0,0.0,13.0,0.0,0.0,5.0,0.0
561,8.0,0.0,0.0,0.0,0.0,13.0,0.0,0.0,5.0,0.0
562,8.0,0.0,0.0,0.0,0.0,13.0,0.0,0.0,5.0,0.0
563,8.0,0.0,0.0,0.0,0.0,13.0,0.0,0.0,5.0,0.0
564,8.0,0.0,0.0,0.0,0.0,13.0,0.0,0.0,5.0,0.0
565,8.0,0.0,0.0,0.0,0.0,13.0,0.0,0.0,5.0,0.0
566,8.0,0.0,0.0,0.0,0.0,13.0,0.0,0.0,5.0,0.0
567,8.0,0.0,0.0,0.0,0.0,13.0,0.0,0.0,5.0,0.0
568,8.0,0.0,0.0,0.0,0.0,13.0,0.0,0.0,5.0,0.0
569,8.0,0.0,0.0,0.0,0.0,13.0,0.0,0.0,5.0,0.0
570,8.0,0.0,0.0,0.0,0.0,13.0,0.0,0.0,5.0,0.0
571,8.0,0.0,0.0,0.0,0.0,13.0,0.0,0.0,5.0,0.0
572,8.0,0.0,0.0,0.0,0.0,13.0,0.0,0.0,5.0,0.0
573,8.0,0.0,0.0,0.0,0.0,13.0,0.0,0.0,5.0,0.0
574,8.0,0.0,0.0,0.0,0.0,13.0,0.0,0.0,5.0,0.0
575,8.0,0.0,0.0,0.0,0.0,10.0,0.0,0.0,6.0,1.0
576,8.0,0.0,0.0,0.0,0.0,10.0,0.0,0.0,6.0,1.0
577,8.0,0.0,0.0,0.0,0.0,10.0,0.0,0.0,6.0,1.0
578,9.0,1.31,0.0,0.0,0.0,15.0,0.26,0.03,8.0,0.0
579,9.0,1.31,0.0,0.0,0.0,15.0,0.26,0.03,8.0,0.0
580,9.0,1.31,0.0,0.0,0.0,15.0,0.26,0.03,8.0,0.0
581,9.0,1.31,0.0,0.0,0.0,15.0,0.26,0.03,8.0,0.0
582,9.0,1.31,0.0,0.0,0.0,15.0,0.26,0.03,8.0,0.0
583,9.0,1.31,0.0,0.0,0.0,15.0,0.26,0.03,8.0,0.0
584,9.0,1.31,0.0,0.0,0.0,15.0,0.26,0.03,8.0,0.0
585,9.0,1.31,0.0,0.0,0.0,15.0,0.26,0.03,8.0,0.0
586,9.0,1.31,0.0,0.0,0.0,15.0,0.26,0.03,8.0,0.0
587,9.0,1.31,0.0,0.0,0.0,15.0,0.26,0.03,8.0,0.0
588,9.0,1.31,0.0,0.0,0.0,15.0,0.26,0.03,8.0,0.0
589,9.0,1.31,0.0,0.0,0.0,15.0,0.26,0.03,8.0,0.0
590,7.0,0.06,0.0,0.0,0.0,16.0,1.31,1.43,21.0,0.0
591,7.0,0.06,0.0,0.0,0.0,16.0,1.31,1.43,21.0,0.0
592,7.0,0.06,0.0,0.0,0.0,16.0,1.31,1.43,21.0,0.0
593,7.0,0.06,0.0,0.0,0.0,16.0,1.31,1.43,21.0,0.0
594,7.0,0.06,0.0,0.0,0.0,16.0,1.31,1.43,21.0,0.0
595,7.0,0.06,0.0,0.0,0.0,16.0,1.31,1.43,21.0,0.0
596,7.0,0.06,0.0,0.0,0.0,16.0,1.31,1.43,21.0,0.0
597,5.0,0.05,0.0,0.0,0.0,16.0,0.06,0.26,10.0,0.0
598,4.0,0.23,0.0,0.0,0.0,15.0,0.41,0.29,6.0,1.0
599,4.0,0.23,0.0,0.0,0.0,15.0,0.41,0.29,6.0,1.0
600,4.0,0.23,0.0,0.0,0.0,15.0,0.41,0.29,6.0,1.0
601,4.0,0.23,0.0,0.0,0.0,15.0,0.41,0.29,6.0,1.0
602,4.0,0.23,0.0,0.0,0.0,15.0,0.41,0.29,6.0,1.0
603,4.0,0.23,0.0,0.0,0.0,15.0,0.41,0.29,6.0,1.0
604,4.0,0.23,0.0,0.0,0.0,15.0,0.41,0.29,6.0,1.0
605,4.0,0.23,0.0,0.0,0.0,15.0,0.41,0.29,6.0,1.0
606,4.0,0.23,0.0,0.0,0.0,15.0,0.41,0.29,6.0,1.0
607,4.0,0.23,0.0,0.0,0.0,15.0,0.41,0.29,6.0,1.0
608,4.0,0.23,0.0,0.0,0.0,15.0,0.41,0.29,6.0,1.0
609,4.0,0.23,0.0,0.0,0.0,15.0,0.41,0.29,6.0,1.0
610,4.0,0.23,0.0,0.0,0.0,15.0,0.41,0.29,6.0,1.0
611,4.0,0.23,0.0,0.0,0.0,15.0,0.41,0.29,6.0,1.0
612,4.0,0.23,0.0,0.0,0.0,15.0,0.41,0.29,6.0,1.0
613,4.0,0.23,0.0,0.0,0.0,15.0,0.41,0.29,6.0,1.0
614,4.0,0.23,0.0,0.0,0.0,15.0,0.41,0.29,6.0,1.0
615,4.0,0.23,0.0,0.0,0.0,15.0,0.41,0.29,6.0,1.0
616,4.0,0.23,0.0,0.0,0.0,15.0,0.41,0.29,6.0,1.0
617,4.0,0.23,0.0,0.0,0.0,15.0,0.41,0.29,6.0,1.0
618,4.0,0.23,0.0,0.0,0.0,15.0,0.41,0.29,6.0,1.0
619,4.0,0.23,0.0,0.0,0.0,15.0,0.41,0.29,6.0,1.0
620,4.0,0.23,0.0,0.0,0.0,15.0,0.41,0.29,6.0,1.0
621,4.0,0.23,0.0,0.0,0.0,15.0,0.41,0.29,6.0,1.0
622,4.0,0.23,0.0,0.0,0.0,15.0,0.41,0.29,6.0,1.0
623,4.0,0.23,0.0,0.0,0.0,15.0,0.41,0.29,6.0,1.0
624,4.0,0.23,0.0,0.0,0.0,15.0,0.41,0.29,6.0,1.0
625,4.0,0.23,0.0,0.0,0.0,15.0,0.41,0.29,6.0,1.0
626,4.0,0.23,0.0,0.0,0.0,15.0,0.41,0.29,6.0,1.0
627,4.0,0.23,0.0,0.0,0.0,15.0,0.41,0.29,6.0,1.0
628,4.0,0.23,0.0,0.0,0.0,15.0,0.41,0.29,6.0,1.0
629,4.0,0.23,0.0,0.0,0.0,15.0,0.41,0.29,6.0,1.0
630,4.0,0.23,0.0,0.0,0.0,15.0,0.41,0.29,6.0,1.0
631,4.0,0.23,0.0,0.0,0.0,15.0,0.41,0.29,6.0,1.0
632,4.0,0.23,0.0,0.0,0.0,15.0,0.41,0.29,6.0,1.0
633,4.0,0.23,0.0,0.0,0.0,15.0,0.41,0.29,6.0,1.0
634,4.0,0.23,0.0,0.0,0.0,15.0,0.41,0.29,6.0,1.0
635,-1.0,0.0,0.0,0.0,0.0,13.0,0.23,0.0,6.0,1.0
636,-1.0,0.0,0.0,0.0,0.0,13.0,0.23,0.0,6.0,1.0
637,-1.0,0.0,0.0,0.0,0.0,13.0,0.23,0.0,6.0,1.0
638,-1.0,0.0,0.0,0.0,0.0,13.0,0.23,0.0,6.0,1.0
639,-1.0,0.0,0.0,0.0,0.0,13.0,0.23,0.0,6.0,1.0
640,-1.0,0.0,0.0,0.0,0.0,13.0,0.23,0.0,6.0,1.0
641,-1.0,0.0,0.0,0.0,0.0,13.0,0.23,0.0,6.0,1.0
642,-1.0,0.0,0.0,0.0,0.0,13.0,0.23,0.0,6.0,1.0
643,-1.0,0.0,0.0,0.0,0.0,13.0,0.23,0.0,6.0,1.0
644,-1.0,0.0,0.0,0.0,0.0,13.0,0.23,0.0,6.0,1.0
645,-1.0,0.0,0.0,0.0,0.0,13.0,0.23,0.0,6.0,1.0
646,-1.0,0.0,0.0,0.0,0.0,13.0,0.23,0.0,6.0,1.0
647,-1.0,0.0,0.0,0.0,0.0,13.0,0.23,0.0,6.0,1.0
648,-1.0,0.0,0.0,0.0,0.0,13.0,0.23,0.0,6.0,1.0
649,-1.0,0.0,0.0,0.0,0.0,13.0,0.23,0.0,6.0,1.0
650,-1.0,0.0,0.0,0.0,0.0,13.0,0.23,0.0,6.0,1.0
651,-2.0,0.0,0.0,0.0,0.0,13.0,0.0,0.41,25.0,0.0
652,-2.0,0.0,0.0,0.0,0.0,13.0,0.0,0.41,25.0,0.0
653,-2.0,0.0,0.0,0.0,0.0,13.0,0.0,0.41,25.0,0.0
654,-2.0,0.0,0.0,0.0,0.0,13.0,0.0,0.41,25.0,0.0
655,-2.0,0.0,0.0,0.0,0.0,13.0,0.0,0.41,25.0,0.0
656,-2.0,0.0,0.0,0.0,0.0,13.0,0.0,0.41,25.0,0.0
657,-2.0,0.0,0.0,0.0,0.0,13.0,0.0,0.41,25.0,0.0
658,7.0,0.48,0.0,1.0,0.0,10.0,0.91,0.09,12.0,1.0
659,7.0,0.48,0.0,1.0,0.0,10.0,0.91,0.09,12.0,1.0
660,7.0,0.48,0.0,1.0,0.0,10.0,0.91,0.09,12.0,1.0
661,7.0,0.48,0.0,1.0,0.0,10.0,0.91,0.09,12.0,1.0
662,7.0,0.48,0.0,1.0,0.0,10.0,0.91,0.09,12.0,1.0
663,7.0,0.48,0.0,1.0,0.0,10.0,0.91,0.09,12.0,1.0
664,7.0,0.48,0.0,1.0,0.0,10.0,0.91,0.09,12.0,1.0
665,7.0,0.48,0.0,1.0,0.0,10.0,0.91,0.09,12.0,1.0
666,7.0,0.48,0.0,1.0,0.0,10.0,0.91,0.09,12.0,1.0
667,7.0,0.48,0.0,1.0,0.0,10.0,0.91,0.09,12.0,1.0
668,7.0,0.48,0.0,1.0,0.0,10.0,0.91,0.09,12.0,1.0
669,7.0,0.48,0.0,1.0,0.0,10.0,0.91,0.09,12.0,1.0
670,7.0,0.48,0.0,1.0,0.0,10.0,0.91,0.09,12.0,1.0
671,7.0,0.48,0.0,1.0,0.0,10.0,0.91,0.09,12.0,1.0
672,7.0,0.48,0.0,1.0,0.0,10.0,0.91,0.09,12.0,1.0
673,7.0,0.48,0.0,1.0,0.0,10.0,0.91,0.09,12.0,1.0
674,7.0,0.48,0.0,1.0,0.0,10.0,0.91,0.09,12.0,1.0
675,7.0,0.48,0.0,1.0,0.0,10.0,0.91,0.09,12.0,1.0
676,7.0,0.48,0.0,1.0,0.0,10.0,0.91,0.09,12.0,1.0
677,7.0,0.48,0.0,1.0,0.0,10.0,0.91,0.09,12.0,1.0
678,7.0,0.48,0.0,1.0,0.0,10.0,0.91,0.09,12.0,1.0
679,7.0,0.48,0.0,1.0,0.0,10.0,0.91,0.09,12.0,1.0
680,7.0,0.48,0.0,1.0,0.0,10.0,0.91,0.09,12.0,1.0
681,7.0,0.48,0.0,1.0,0.0,10.0,0.91,0.09,12.0,1.0
682,7.0,0.48,0.0,1.0,0.0,10.0,0.91,0.09,12.0,1.0
683,7.0,0.48,0.0,1.0,0.0,10.0,0.91,0.09,12.0,1.0
684,7.0,0.48,0.0,1.0,0.0,10.0,0.91,0.09,12.0,1.0
685,7.0,0.48,0.0,1.0,0.0,10.0,0.91,0.09,12.0,1.0
686,7.0,0.48,0.0,1.0,0.0,10.0,0.91,0.09,12.0,1.0
687,7.0,0.48,0.0,1.0,0.0,10.0,0.91,0.09,12.0,1.0
688,7.0,0.48,0.0,1.0,0.0,10.0,0.91,0.09,12.0,1.0
689,7.0,0.48,0.0,1.0,0.0,10.0,0.91,0.09,12.0,1.0
690,9.0,0.37,0.0,0.0,0.0,11.0,0.48,1.33,10.0,1.0
691,9.0,0.37,0.0,0.0,0.0,11.0,0.48,1.33,10.0,1.0
692,9.0,0.37,0.0,0.0,0.0,11.0,0.48,1.33,10.0,1.0
693,9.0,0.37,0.0,0.0,0.0,11.0,0.48,1.33,10.0,1.0
694,9.0,0.37,0.0,0.0,0.0,11.0,0.48,1.33,10.0,1.0
695,9.0,0.37,0.0,0.0,0.0,11.0,0.48,1.33,10.0,1.0
696,9.0,0.37,0.0,0.0,0.0,11.0,0.48,1.33,10.0,1.0
697,9.0,0.37,0.0,0.0,0.0,11.0,0.48,1.33,10.0,1.0
698,9.0,0.37,0.0,0.0,0.0,11.0,0.48,1.33,10.0,1.0
699,9.0,0.37,0.0,0.0,0.0,11.0,0.48,1.33,10.0,1.0
700,9.0,0.37,0.0,0.0,0.0,11.0,0.48,1.33,10.0,1.0
701,9.0,0.37,0.0,0.0,0.0,11.0,0.48,1.33,10.0,1.0
702,9.0,0.37,0.0,0.0,0.0,11.0,0.48,1.33,10.0,1.0
703,9.0,0.37,0.0,0.0,0.0,11.0,0.48,1.33,10.0,1.0
704,9.0,0.37,0.0,0.0,0.0,11.0,0.48,1.33,10.0,1.0
705,9.0,0.37,0.0,0.0,0.0,11.0,0.48,1.33,10.0,1.0
706,9.0,0.37,0.0,0.0,0.0,11.0,0.48,1.33,10.0,1.0
707,9.0,0.37,0.0,0.0,0.0,11.0,0.48,1.33,10.0,1.0
708,9.0,0.37,0.0,0.0,0.0,11.0,0.48,1.33,10.0,1.0
709,9.0,0.37,0.0,0.0,0.0,11.0,0.48,1.33,10.0,1.0
710,9.0,0.37,0.0,0.0,0.0,11.0,0.48,1.33,10.0,1.0
711,9.0,0.37,0.0,0.0,0.0,11.0,0.48,1.33,10.0,1.0
712,9.0,0.37,0.0,0.0,0.0,11.0,0.48,1.33,10.0,1.0
713,9.0,0.37,0.0,0.0,0.0,11.0,0.48,1.33,10.0,1.0
714,9.0,0.37,0.0,0.0,0.0,11.0,0.48,1.33,10.0,1.0
715,9.0,0.37,0.0,0.0,0.0,11.0,0.48,1.33,10.0,1.0
716,9.0,0.37,0.0,0.0,0.0,11.0,0.48,1.33,10.0,1.0
717,9.0,0.37,0.0,0.0,0.0,11.0,0.48,1.33,10.0,1.0
718,9.0,0.37,0.0,0.0,0.0,11.0,0.48,1.33,10.0,1.0
719,9.0,0.37,0.0,0.0,0.0,11.0,0.48,1.33,10.0,1.0
720,9.0,0.37,0.0,0.0,0.0,11.0,0.48,1.33,10.0,1.0
721,9.0,0.37,0.0,0.0,0.0,11.0,0.48,1.33,10.0,1.0
722,9.0,0.37,0.0,0.0,0.0,11.0,0.48,1.33,10.0,1.0
723,4.0,0.24,0.0,0.0,0.0,5.0,2.35,0.48,18.0,0.0
724,4.0,0.24,0.0,0.0,0.0,5.0,2.35,0.48,18.0,0.0
725,4.0,0.24,0.0,0.0,0.0,5.0,2.35,0.48,18.0,0.0
726,4.0,0.24,0.0,0.0,0.0,5.0,2.35,0.48,18.0,0.0
727,4.0,0.24,0.0,0.0,0.0,5.0,2.35,0.48,18.0,0.0
728,4.0,0.24,0.0,0.0,0.0,5.0,2.35,0.48,18.0,0.0
729,4.0,0.24,0.0,0.0,0.0,5.0,2.35,0.48,18.0,0.0
730,4.0,0.24,0.0,0.0,0.0,5.0,2.35,0.48,18.0,0.0
731,4.0,0.24,0.0,0.0,0.0,5.0,2.35,0.48,18.0,0.0
732,4.0,0.24,0.0,0.0,0.0,5.0,2.35,0.48,18.0,0.0
733,4.0,0.24,0.0,0.0,0.0,5.0,2.35,0.48,18.0,0.0
734,4.0,0.24,0.0,0.0,0.0,5.0,2.35,0.48,18.0,0.0
735,4.0,0.24,0.0,0.0,0.0,5.0,2.35,0.48,18.0,0.0
736,4.0,0.24,0.0,0.0,0.0,5.0,2.35,0.48,18.0,0.0
737,4.0,0.24,0.0,0.0,0.0,5.0,2.35,0.48,18.0,0.0
738,4.0,0.24,0.0,0.0,0.0,5.0,2.35,0.48,18.0,0.0
739,4.0,0.24,0.0,0.0,0.0,5.0,2.35,0.48,18.0,0.0
740,4.0,0.24,0.0,0.0,0.0,5.0,2.35,0.48,18.0,0.0
741,4.0,0.24,0.0,0.0,0.0,5.0,2.35,0.48,18.0,0.0
742,4.0,0.24,0.0,0.0,0.0,5.0,2.35,0.48,18.0,0.0
743,4.0,0.24,0.0,0.0,0.0,5.0,2.35,0.48,18.0,0.0
744,4.0,0.24,0.0,0.0,0.0,5.0,2.35,0.48,18.0,0.0
745,4.0,0.24,0.0,0.0,0.0,5.0,2.35,0.48,18.0,0.0
746,4.0,0.24,0.0,0.0,0.0,5.0,2.35,0.48,18.0,0.0
747,4.0,0.24,0.0,0.0,0.0,5.0,2.35,0.48,18.0,0.0
748,9.0,0.0,0.0,0.0,0.0,13.0,0.0,0.34,36.0,1.0
749,9.0,0.0,0.0,0.0,0.0,13.0,0.0,0.34,36.0,1.0
750,9.0,0.0,0.0,0.0,0.0,13.0,0.0,0.34,36.0,1.0
751,9.0,0.0,0.0,0.0,0.0,13.0,0.0,0.34,36.0,1.0
752,9.0,0.0,0.0,0.0,0.0,13.0,0.0,0.34,36.0,1.0
753,9.0,0.0,0.0,0.0,0.0,13.0,0.0,0.34,36.0,1.0
754,9.0,0.0,0.0,0.0,0.0,13.0,0.0,0.34,36.0,1.0
755,9.0,0.0,0.0,0.0,0.0,13.0,0.0,0.34,36.0,1.0
756,9.0,0.0,0.0,0.0,0.0,13.0,0.0,0.34,36.0,1.0
757,8.0,0.0,0.0,0.0,0.0,14.0,0.0,0.0,11.0,0.0
758,8.0,0.0,0.0,0.0,0.0,14.0,0.0,0.0,11.0,0.0
759,8.0,0.0,0.0,0.0,0.0,14.0,0.0,0.0,11.0,0.0
760,8.0,0.0,0.0,0.0,0.0,14.0,0.0,0.0,11.0,0.0
761,8.0,0.0,0.0,0.0,0.0,14.0,0.0,0.0,11.0,0.0
762,8.0,0.0,0.0,0.0,0.0,14.0,0.0,0.0,11.0,0.0
763,8.0,0.0,0.0,0.0,0.0,14.0,0.0,0.0,11.0,0.0
764,8.0,0.0,0.0,0.0,0.0,14.0,0.0,0.0,11.0,0.0
765,11.0,0.0,0.0,0.0,0.0,12.0,0.0,0.0,21.0,0.0
766,11.0,0.0,0.0,0.0,0.0,12.0,0.0,0.0,21.0,0.0
767,11.0,0.0,0.0,0.0,0.0,12.0,0.0,0.0,21.0,0.0
768,11.0,0.0,0.0,0.0,0.0,12.0,0.0,0.0,21.0,0.0
769,11.0,0.0,0.0,0.0,0.0,12.0,0.0,0.0,21.0,0.0
770,11.0,0.0,0.0,0.0,0.0,12.0,0.0,0.0,21.0,0.0
771,11.0,0.0,0.0,0.0,0.0,12.0,0.0,0.0,21.0,0.0
772,11.0,0.0,0.0,0.0,0.0,12.0,0.0,0.0,21.0,0.0
773,11.0,0.0,0.0,0.0,0.0,12.0,0.0,0.0,21.0,0.0
774,11.0,0.0,0.0,0.0,0.0,12.0,0.0,0.0,21.0,0.0
775,11.0,0.18,0.0,0.0,0.0,1.0,0.0,0.0,27.0,0.0
776,11.0,0.18,0.0,0.0,0.0,1.0,0.0,0.0,27.0,0.0
777,-8.0,0.0,4.0,0.0,0.0,13.0,0.25,0.0,3.0,0.0
778,-8.0,0.0,4.0,0.0,0.0,13.0,0.25,0.0,3.0,0.0
779,-8.0,0.0,4.0,0.0,0.0,13.0,0.25,0.0,3.0,0.0
780,-8.0,0.0,4.0,0.0,0.0,13.0,0.25,0.0,3.0,0.0
781,-8.0,0.0,4.0,0.0,0.0,13.0,0.25,0.0,3.0,0.0
782,12.0,0.0,0.0,7.0,8.0,0.0,0.0,0.0,18.0,0.0
783,18.0,0.0,0.0,0.0,0.0,1.0,0.0,0.0,21.0,0.0
784,18.0,0.0,0.0,0.0,0.0,1.0,0.0,0.0,21.0,0.0
785,10.0,0.0,0.0,1.0,3.0,0.0,0.0,0.29,22.0,1.0
786,10.0,0.0,0.0,1.0,3.0,0.0,0.0,0.29,22.0,1.0
787,-2.0,0.14,0.0,0.0,1.0,0.0,0.0,0.04,13.0,0.0
788,-2.0,0.14,0.0,0.0,1.0,0.0,0.0,0.04,13.0,0.0
789,0.0,0.02,0.0,0.0,0.0,1.0,0.0,0.14,23.0,0.0
790,0.0,0.02,0.0,0.0,0.0,1.0,0.0,0.14,23.0,0.0
791,-4.0,0.0,0.0,0.0,0.0,7.0,0.0,0.01,28.0,1.0
792,0.0,0.0,0.0,0.0,0.0,6.0,0.0,0.0,26.0,0.0
793,0.0,0.0,0.0,0.0,0.0,6.0,0.0,0.0,26.0,0.0
794,1.0,0.0,0.0,2.0,0.0,9.0,0.0,0.0,1.0,0.0
795,1.0,0.0,0.0,2.0,0.0,9.0,0.0,0.0,1.0,0.0
796,1.0,0.0,0.0,2.0,0.0,9.0,0.0,0.0,1.0,0.0
797,1.0,0.0,0.0,2.0,0.0,9.0,0.0,0.0,1.0,0.0
798,1.0,0.0,0.0,2.0,0.0,9.0,0.0,0.0,1.0,0.0
799,1.0,0.0,0.0,2.0,0.0,9.0,0.0,0.0,1.0,0.0
800,1.0,0.0,0.0,2.0,0.0,9.0,0.0,0.0,1.0,0.0
801,-2.0,0.0,3.0,6.0,1.0,0.0,0.0,0.0,3.0,1.0
802,7.0,0.0,0.0,0.0,0.0,3.0,0.0,0.0,7.0,0.0
803,7.0,0.0,0.0,0.0,0.0,3.0,0.0,0.0,7.0,0.0
804,7.0,0.0,0.0,0.0,0.0,3.0,0.0,0.0,7.0,0.0
805,4.0,0.16,0.0,0.0,0.0,0.0,0.0,0.0,17.0,0.0
806,7.0,0.0,0.0,0.0,0.0,21.0,0.18,1.55,9.0,1.0
807,7.0,0.0,0.0,0.0,0.0,21.0,0.18,1.55,9.0,1.0
808,7.0,0.0,0.0,0.0,0.0,21.0,0.18,1.55,9.0,1.0
809,5.0,0.7,0.0,0.0,0.0,14.0,0.7,0.0,5.0,1.0
810,5.0,0.7,0.0,0.0,0.0,14.0,0.7,0.0,5.0,1.0
811,5.0,0.7,0.0,0.0,0.0,14.0,0.7,0.0,5.0,1.0
812,5.0,0.7,0.0,0.0,0.0,14.0,0.7,0.0,5.0,1.0
813,5.0,0.7,0.0,0.0,0.0,14.0,0.7,0.0,5.0,1.0
814,5.0,0.7,0.0,0.0,0.0,14.0,0.7,0.0,5.0,1.0
815,5.0,0.7,0.0,0.0,0.0,14.0,0.7,0.0,5.0,1.0
816,5.0,0.7,0.0,0.0,0.0,14.0,0.7,0.0,5.0,1.0
817,3.0,0.0,0.0,0.0,0.0,14.0,0.0,0.43,21.0,1.0
818,3.0,0.0,0.0,0.0,0.0,14.0,0.0,0.43,21.0,1.0
819,3.0,0.0,0.0,0.0,0.0,14.0,0.0,0.43,21.0,1.0
820,3.0,0.0,0.0,0.0,0.0,14.0,0.0,0.43,21.0,1.0
821,3.0,0.0,0.0,0.0,0.0,14.0,0.0,0.43,21.0,1.0
822,-2.0,0.0,0.0,0.0,0.0,11.0,0.0,0.0,28.0,0.0
823,-2.0,0.0,0.0,0.0,0.0,11.0,0.0,0.0,28.0,0.0
824,-2.0,0.0,0.0,0.0,0.0,11.0,0.0,0.0,28.0,0.0
825,-2.0,0.0,0.0,0.0,0.0,11.0,0.0,0.0,28.0,0.0
826,-2.0,0.0,0.0,0.0,0.0,11.0,0.0,0.0,28.0,0.0
827,-2.0,0.0,0.0,0.0,0.0,11.0,0.0,0.0,28.0,0.0
828,-2.0,0.0,0.0,0.0,0.0,11.0,0.0,0.0,28.0,0.0
829,-2.0,0.0,0.0,0.0,0.0,11.0,0.0,0.0,28.0,0.0
830,-2.0,0.0,0.0,0.0,0.0,11.0,0.0,0.0,28.0,0.0
831,-2.0,0.0,0.0,0.0,0.0,11.0,0.0,0.0,28.0,0.0
832,-2.0,0.0,0.0,0.0,0.0,11.0,0.0,0.0,28.0,0.0
833,5.0,0.0,0.0,0.0,0.0,6.0,0.0,0.0,18.0,0.0
834,5.0,0.0,0.0,0.0,0.0,6.0,0.0,0.0,18.0,0.0
835,5.0,0.0,0.0,0.0,0.0,6.0,0.0,0.0,18.0,0.0
836,5.0,0.0,0.0,0.0,0.0,6.0,0.0,0.0,18.0,0.0
837,1.0,0.0,0.0,0.0,0.0,11.0,0.0,0.65,20.0,0.0
838,1.0,0.0,0.0,0.0,0.0,11.0,0.0,0.65,20.0,0.0
839,1.0,0.0,0.0,0.0,0.0,11.0,0.0,0.65,20.0,0.0
840,1.0,0.0,0.0,0.0,0.0,11.0,0.0,0.65,20.0,0.0
841,14.0,0.0,0.0,0.0,0.0,9.0,0.02,0.0,2.0,0.0
842,14.0,0.0,0.0,0.0,0.0,9.0,0.02,0.0,2.0,0.0
843,14.0,0.0,0.0,0.0,0.0,9.0,0.02,0.0,2.0,0.0
844,14.0,0.0,0.0,0.0,0.0,9.0,0.02,0.0,2.0,0.0
845,16.0,0.0,0.0,0.0,0.0,6.0,0.0,0.04,15.0,0.0
846,16.0,0.0,0.0,0.0,0.0,6.0,0.0,0.04,15.0,0.0
847,16.0,0.0,0.0,0.0,0.0,6.0,0.0,0.04,15.0,0.0
848,10.0,0.0,0.0,0.0,6.0,0.0,0.0,0.02,4.0,0.0
849,10.0,0.0,0.0,0.0,6.0,0.0,0.0,0.02,4.0,0.0
850,10.0,0.0,0.0,0.0,6.0,0.0,0.0,0.02,4.0,0.0
851,10.0,0.0,0.0,0.0,6.0,0.0,0.0,0.02,4.0,0.0
852,10.0,0.0,0.0,0.0,6.0,0.0,0.0,0.02,4.0,0.0
853,10.0,0.0,0.0,0.0,6.0,0.0,0.0,0.02,4.0,0.0
854,-12.0,0.0,14.0,0.0,0.0,1.0,0.0,0.0,31.0,1.0
855,-12.0,0.0,14.0,0.0,0.0,1.0,0.0,0.0,31.0,1.0
856,-12.0,0.0,14.0,0.0,0.0,1.0,0.0,0.0,31.0,1.0
857,-6.0,0.0,7.0,3.0,13.0,0.0,0.0,0.0,18.0,0.0
858,-6.0,0.0,7.0,3.0,13.0,0.0,0.0,0.0,18.0,0.0
859,-6.0,0.0,7.0,3.0,13.0,0.0,0.0,0.0,18.0,0.0
860,-6.0,0.0,7.0,3.0,13.0,0.0,0.0,0.0,18.0,0.0
861,-6.0,0.0,7.0,3.0,13.0,0.0,0.0,0.0,18.0,0.0
862,-6.0,0.0,7.0,3.0,13.0,0.0,0.0,0.0,18.0,0.0
863,4.0,0.59,0.0,0.0,0.0,10.0,0.92,0.03,19.0,1.0
864,-2.0,0.0,0.0,0.0,0.0,8.0,0.0,0.84,23.0,0.0
865,-2.0,0.0,0.0,0.0,0.0,8.0,0.0,0.84,23.0,0.0
866,-2.0,0.0,0.0,0.0,0.0,8.0,0.0,0.84,23.0,0.0
867,-2.0,0.0,0.0,0.0,0.0,8.0,0.0,0.84,23.0,0.0
868,-2.0,0.0,0.0,0.0,0.0,8.0,0.0,0.84,23.0,0.0
869,-2.0,0.0,0.0,0.0,0.0,8.0,0.0,0.84,23.0,0.0
870,-2.0,0.0,0.0,0.0,0.0,8.0,0.0,0.84,23.0,0.0
871,10.0,0.58,0.0,0.0,0.0,6.0,0.0,0.0,23.0,0.0
872,10.0,0.58,0.0,0.0,0.0,6.0,0.0,0.0,23.0,0.0
873,10.0,0.58,0.0,0.0,0.0,6.0,0.0,0.0,23.0,0.0
874,10.0,0.58,0.0,0.0,0.0,6.0,0.0,0.0,23.0,0.0
875,10.0,0.58,0.0,0.0,0.0,6.0,0.0,0.0,23.0,0.0
876,10.0,0.58,0.0,0.0,0.0,6.0,0.0,0.0,23.0,0.0
877,10.0,0.58,0.0,0.0,0.0,6.0,0.0,0.0,23.0,0.0
878,10.0,0.58,0.0,0.0,0.0,6.0,0.0,0.0,23.0,0.0
879,10.0,0.58,0.0,0.0,0.0,6.0,0.0,0.0,23.0,0.0
880,10.0,0.58,0.0,0.0,0.0,6.0,0.0,0.0,23.0,0.0
881,10.0,0.58,0.0,0.0,0.0,6.0,0.0,0.0,23.0,0.0
882,10.0,0.58,0.0,0.0,0.0,6.0,0.0,0.0,23.0,0.0
883,10.0,0.58,0.0,0.0,0.0,6.0,0.0,0.0,23.0,0.0
884,10.0,0.58,0.0,0.0,0.0,6.0,0.0,0.0,23.0,0.0
885,10.0,0.58,0.0,0.0,0.0,6.0,0.0,0.0,23.0,0.0
886,-5.0,0.0,0.0,0.0,0.0,21.0,0.0,0.0,24.0,0.0
887,-5.0,0.0,0.0,0.0,0.0,21.0,0.0,0.0,24.0,0.0
888,-2.0,0.0,0.0,0.0,0.0,4.0,0.5,0.0,1.0,0.0
889,-2.0,0.0,0.0,0.0,0.0,4.0,0.5,0.0,1.0,0.0
890,-2.0,0.0,0.0,0.0,0.0,4.0,0.5,0.0,1.0,0.0
891,-2.0,0.0,0.0,0.0,0.0,4.0,0.5,0.0,1.0,0.0
892,-2.0,0.0,0.0,0.0,0.0,4.0,0.5,0.0,1.0,0.0
893,-2.0,0.0,0.0,0.0,0.0,4.0,0.5,0.0,1.0,0.0
894,-2.0,0.0,0.0,0.0,0.0,4.0,0.5,0.0,1.0,0.0
895,-2.0,0.0,0.0,0.0,0.0,4.0,0.5,0.0,1.0,0.0
896,-2.0,0.0,0.0,0.0,0.0,4.0,0.5,0.0,1.0,0.0
897,-2.0,0.0,0.0,0.0,0.0,4.0,0.5,0.0,1.0,0.0
898,-2.0,0.0,0.0,0.0,0.0,4.0,0.5,0.0,1.0,0.0
899,-2.0,0.0,0.0,0.0,0.0,4.0,0.5,0.0,1.0,0.0
900,-2.0,0.0,0.0,0.0,0.0,4.0,0.5,0.0,1.0,0.0
901,-2.0,0.0,0.0,0.0,0.0,4.0,0.5,0.0,1.0,0.0
902,-2.0,0.0,0.0,0.0,0.0,4.0,0.5,0.0,1.0,0.0
903,-2.0,0.0,0.0,0.0,0.0,4.0,0.5,0.0,1.0,0.0
904,-2.0,0.0,0.0,0.0,0.0,4.0,0.5,0.0,1.0,0.0
905,-2.0,0.0,0.0,0.0,0.0,4.0,0.5,0.0,1.0,0.0
906,-2.0,0.0,0.0,0.0,0.0,4.0,0.5,0.0,1.0,0.0
907,-2.0,0.0,0.0,0.0,0.0,4.0,0.5,0.0,1.0,0.0
908,-2.0,0.0,0.0,0.0,0.0,4.0,0.5,0.0,1.0,0.0
909,-2.0,0.0,0.0,0.0,0.0,4.0,0.5,0.0,1.0,0.0
910,-1.0,0.0,0.0,0.0,0.0,6.0,0.0,0.07,19.0,0.0
911,-1.0,0.0,0.0,0.0,0.0,6.0,0.0,0.07,19.0,0.0
912,-1.0,0.0,0.0,0.0,0.0,6.0,0.0,0.07,19.0,0.0
913,-1.0,0.0,0.0,0.0,0.0,6.0,0.0,0.07,19.0,0.0
914,-1.0,0.0,0.0,0.0,0.0,6.0,0.0,0.07,19.0,0.0
915,-1.0,0.0,0.0,0.0,0.0,6.0,0.0,0.07,19.0,0.0
916,-1.0,0.0,0.0,0.0,0.0,6.0,0.0,0.07,19.0,0.0
917,-1.0,0.0,0.0,0.0,0.0,6.0,0.0,0.07,19.0,0.0
918,-1.0,0.0,0.0,0.0,0.0,6.0,0.0,0.07,19.0,0.0
919,-1.0,0.0,0.0,0.0,0.0,6.0,0.0,0.07,19.0,0.0
920,-1.0,0.0,0.0,0.0,0.0,6.0,0.0,0.07,19.0,0.0
921,-1.0,0.0,0.0,0.0,0.0,6.0,0.0,0.07,19.0,0.0
922,-1.0,0.0,0.0,0.0,0.0,6.0,0.0,0.07,19.0,0.0
923,-1.0,0.0,0.0,0.0,0.0,6.0,0.0,0.07,19.0,0.0
924,-1.0,0.0,0.0,0.0,0.0,6.0,0.0,0.07,19.0,0.0
925,-1.0,0.0,0.0,0.0,0.0,6.0,0.0,0.07,19.0,0.0
926,-1.0,0.0,0.0,0.0,0.0,6.0,0.0,0.07,19.0,0.0
927,-1.0,0.0,0.0,0.0,0.0,6.0,0.0,0.07,19.0,0.0
928,-1.0,0.0,0.0,0.0,0.0,6.0,0.0,0.07,19.0,0.0
929,-1.0,0.0,0.0,0.0,0.0,6.0,0.0,0.07,19.0,0.0
930,-1.0,0.0,0.0,0.0,0.0,6.0,0.0,0.07,19.0,0.0
931,-1.0,0.0,0.0,0.0,0.0,6.0,0.0,0.07,19.0,0.0
932,-1.0,0.0,0.0,0.0,0.0,6.0,0.0,0.07,19.0,0.0
933,-1.0,0.0,0.0,0.0,0.0,6.0,0.0,0.07,19.0,0.0
934,-1.0,0.0,0.0,0.0,0.0,6.0,0.0,0.07,19.0,0.0
935,-1.0,0.0,0.0,0.0,0.0,6.0,0.0,0.07,19.0,0.0
936,-1.0,0.0,0.0,0.0,0.0,6.0,0.0,0.07,19.0,0.0
937,-1.0,0.0,0.0,0.0,0.0,6.0,0.0,0.07,19.0,0.0
938,-1.0,0.0,0.0,0.0,0.0,6.0,0.0,0.07,19.0,0.0
939,-1.0,0.0,0.0,0.0,0.0,6.0,0.0,0.07,19.0,0.0
940,-1.0,0.0,0.0,0.0,0.0,6.0,0.0,0.07,19.0,0.0
941,-1.0,0.0,0.0,0.0,0.0,6.0,0.0,0.07,19.0,0.0
942,-1.0,0.0,0.0,0.0,0.0,6.0,0.0,0.07,19.0,0.0
943,-1.0,0.0,0.0,0.0,0.0,6.0,0.0,0.07,19.0,0.0
944,-7.0,0.0,1.0,0.0,0.0,7.0,0.0,0.27,27.0,0.0
945,-7.0,0.0,1.0,0.0,0.0,7.0,0.0,0.27,27.0,0.0
946,-7.0,0.0,1.0,0.0,0.0,7.0,0.0,0.27,27.0,0.0
947,-7.0,0.0,1.0,0.0,0.0,7.0,0.0,0.27,27.0,0.0
948,-7.0,0.0,1.0,0.0,0.0,7.0,0.0,0.27,27.0,0.0
949,-7.0,0.0,1.0,0.0,0.0,7.0,0.0,0.27,27.0,0.0
950,-7.0,0.0,1.0,0.0,0.0,7.0,0.0,0.27,27.0,0.0
951,-7.0,0.0,1.0,0.0,0.0,7.0,0.0,0.27,27.0,0.0
952,-7.0,0.0,1.0,0.0,0.0,7.0,0.0,0.27,27.0,0.0
953,-7.0,0.0,1.0,0.0,0.0,7.0,0.0,0.27,27.0,0.0
954,-7.0,0.0,1.0,0.0,0.0,7.0,0.0,0.27,27.0,0.0
955,-7.0,0.0,1.0,0.0,0.0,7.0,0.0,0.27,27.0,0.0
956,-7.0,0.0,1.0,0.0,0.0,7.0,0.0,0.27,27.0,0.0
957,-7.0,0.0,1.0,0.0,0.0,7.0,0.0,0.27,27.0,0.0
958,-7.0,0.0,1.0,0.0,0.0,7.0,0.0,0.27,27.0,0.0
959,-7.0,0.0,1.0,0.0,0.0,7.0,0.0,0.27,27.0,0.0
960,-7.0,0.0,1.0,0.0,0.0,7.0,0.0,0.27,27.0,0.0
961,-7.0,0.0,1.0,0.0,0.0,7.0,0.0,0.27,27.0,0.0
962,-7.0,0.0,1.0,0.0,0.0,7.0,0.0,0.27,27.0,0.0
963,-7.0,0.0,1.0,0.0,0.0,7.0,0.0,0.27,27.0,0.0
964,2.0,0.23,0.0,0.0,0.0,0.0,0.01,0.0,25.0,0.0
965,2.0,0.23,0.0,0.0,0.0,0.0,0.01,0.0,25.0,0.0
966,2.0,0.23,0.0,0.0,0.0,0.0,0.01,0.0,25.0,0.0
967,2.0,0.23,0.0,0.0,0.0,0.0,0.01,0.0,25.0,0.0
968,2.0,0.23,0.0,0.0,0.0,0.0,0.01,0.0,25.0,0.0
969,2.0,0.23,0.0,0.0,0.0,0.0,0.01,0.0,25.0,0.0
970,2.0,0.23,0.0,0.0,0.0,0.0,0.01,0.0,25.0,0.0
971,2.0,0.23,0.0,0.0,0.0,0.0,0.01,0.0,25.0,0.0
972,2.0,0.23,0.0,0.0,0.0,0.0,0.01,0.0,25.0,0.0
973,2.0,0.23,0.0,0.0,0.0,0.0,0.01,0.0,25.0,0.0
974,2.0,0.23,0.0,0.0,0.0,0.0,0.01,0.0,25.0,0.0
975,2.0,0.23,0.0,0.0,0.0,0.0,0.01,0.0,25.0,0.0
976,2.0,0.23,0.0,0.0,0.0,0.0,0.01,0.0,25.0,0.0
977,2.0,0.23,0.0,0.0,0.0,0.0,0.01,0.0,25.0,0.0
978,2.0,0.23,0.0,0.0,0.0,0.0,0.01,0.0,25.0,0.0
979,2.0,0.23,0.0,0.0,0.0,0.0,0.01,0.0,25.0,0.0
980,2.0,0.23,0.0,0.0,0.0,0.0,0.01,0.0,25.0,0.0
981,2.0,0.23,0.0,0.0,0.0,0.0,0.01,0.0,25.0,0.0
982,2.0,0.23,0.0,0.0,0.0,0.0,0.01,0.0,25.0,0.0
983,2.0,0.23,0.0,0.0,0.0,0.0,0.01,0.0,25.0,0.0
984,2.0,0.23,0.0,0.0,0.0,0.0,0.01,0.0,25.0,0.0
985,2.0,0.23,0.0,0.0,0.0,0.0,0.01,0.0,25.0,0.0
986,2.0,0.23,0.0,0.0,0.0,0.0,0.01,0.0,25.0,0.0
987,2.0,0.23,0.0,0.0,0.0,0.0,0.01,0.0,25.0,0.0
988,2.0,0.23,0.0,0.0,0.0,0.0,0.01,0.0,25.0,0.0
989,2.0,0.23,0.0,0.0,0.0,0.0,0.01,0.0,25.0,0.0
990,2.0,0.23,0.0,0.0,0.0,0.0,0.01,0.0,25.0,0.0
991,2.0,0.23,0.0,0.0,0.0,0.0,0.01,0.0,25.0,0.0
992,2.0,0.23,0.0,0.0,0.0,0.0,0.01,0.0,25.0,0.0
993,2.0,0.23,0.0,0.0,0.0,0.0,0.01,0.0,25.0,0.0
994,8.0,0.0,0.0,0.0,0.0,8.0,0.0,0.0,24.0,1.0
995,8.0,0.0,0.0,0.0,0.0,8.0,0.0,0.0,24.0,1.0
996,8.0,0.0,0.0,0.0,0.0,8.0,0.0,0.0,24.0,1.0
997,8.0,0.0,0.0,0.0,0.0,8.0,0.0,0.0,24.0,1.0
998,8.0,0.0,0.0,0.0,0.0,8.0,0.0,0.0,24.0,1.0
999,8.0,0.0,0.0,0.0,0.0,8.0,0.0,0.0,24.0,1.0
1000,8.0,0.0,0.0,0.0,0.0,8.0,0.0,0.0,24.0,1.0
1001,8.0,0.0,0.0,0.0,0.0,8.0,0.0,0.0,24.0,1.0
1002,8.0,0.0,0.0,0.0,0.0,8.0,0.0,0.0,24.0,1.0
1003,8.0,0.0,0.0,0.0,0.0,8.0,0.0,0.0,24.0,1.0
1004,8.0,0.0,0.0,0.0,0.0,8.0,0.0,0.0,24.0,1.0
1005,8.0,0.0,0.0,0.0,0.0,8.0,0.0,0.0,24.0,1.0
1006,8.0,0.0,0.0,0.0,0.0,8.0,0.0,0.0,24.0,1.0
1007,8.0,0.0,0.0,0.0,0.0,8.0,0.0,0.0,24.0,1.0
1008,8.0,0.0,0.0,0.0,0.0,8.0,0.0,0.0,24.0,1.0
1009,8.0,0.0,0.0,0.0,0.0,8.0,0.0,0.0,24.0,1.0
1010,8.0,0.0,0.0,0.0,0.0,8.0,0.0,0.0,24.0,1.0
1011,8.0,0.0,0.0,0.0,0.0,8.0,0.0,0.0,24.0,1.0
1012,8.0,0.0,0.0,0.0,0.0,8.0,0.0,0.0,24.0,1.0
1013,8.0,0.0,0.0,0.0,0.0,8.0,0.0,0.0,24.0,1.0
1014,8.0,0.0,0.0,0.0,0.0,8.0,0.0,0.0,24.0,1.0
1015,8.0,0.0,0.0,0.0,0.0,8.0,0.0,0.0,24.0,1.0
1016,8.0,0.0,0.0,0.0,0.0,8.0,0.0,0.0,24.0,1.0
1017,8.0,0.0,0.0,0.0,0.0,8.0,0.0,0.0,24.0,1.0
1018,8.0,0.0,0.0,0.0,0.0,8.0,0.0,0.0,24.0,1.0
1019,8.0,0.0,0.0,0.0,0.0,8.0,0.0,0.0,24.0,1.0
1020,8.0,0.0,0.0,0.0,0.0,8.0,0.0,0.0,24.0,1.0
1021,8.0,0.0,0.0,0.0,0.0,8.0,0.0,0.0,24.0,1.0
1022,8.0,0.0,0.0,0.0,0.0,8.0,0.0,0.0,24.0,1.0
1023,8.0,0.0,0.0,0.0,0.0,8.0,0.0,0.0,24.0,1.0
1024,8.0,0.0,0.0,0.0,0.0,8.0,0.0,0.0,24.0,1.0
1025,8.0,0.0,0.0,0.0,0.0,8.0,0.0,0.0,24.0,1.0
1026,8.0,0.0,0.0,0.0,0.0,8.0,0.0,0.0,24.0,1.0
1027,8.0,0.0,0.0,0.0,0.0,8.0,0.0,0.0,24.0,1.0
1028,8.0,0.0,0.0,0.0,0.0,8.0,0.0,0.0,24.0,1.0
1029,8.0,0.0,0.0,0.0,0.0,8.0,0.0,0.0,24.0,1.0
1030,8.0,0.0,0.0,0.0,0.0,8.0,0.0,0.0,24.0,1.0
1031,8.0,0.0,0.0,0.0,0.0,8.0,0.0,0.0,24.0,1.0
1032,5.0,0.0,0.0,0.0,0.0,17.0,0.0,0.0,30.0,1.0
1033,5.0,0.0,0.0,0.0,0.0,17.0,0.0,0.0,30.0,1.0
1034,5.0,0.0,0.0,0.0,0.0,17.0,0.0,0.0,30.0,1.0
1035,5.0,0.0,0.0,0.0,0.0,17.0,0.0,0.0,30.0,1.0
1036,5.0,0.0,0.0,0.0,0.0,17.0,0.0,0.0,30.0,1.0
1037,5.0,0.0,0.0,0.0,0.0,17.0,0.0,0.0,30.0,1.0
1038,5.0,0.0,0.0,0.0,0.0,17.0,0.0,0.0,30.0,1.0
1039,5.0,0.0,0.0,0.0,0.0,17.0,0.0,0.0,30.0,1.0
1040,5.0,0.0,0.0,0.0,0.0,17.0,0.0,0.0,30.0,1.0
1041,5.0,0.0,0.0,0.0,0.0,17.0,0.0,0.0,30.0,1.0
1042,5.0,0.0,0.0,0.0,0.0,17.0,0.0,0.0,30.0,1.0
1043,5.0,0.0,0.0,0.0,0.0,17.0,0.0,0.0,30.0,1.0
1044,5.0,0.0,0.0,0.0,0.0,17.0,0.0,0.0,30.0,1.0
1045,5.0,0.0,0.0,0.0,0.0,17.0,0.0,0.0,30.0,1.0
1046,5.0,0.0,0.0,0.0,0.0,17.0,0.0,0.0,30.0,1.0
1047,5.0,0.0,0.0,0.0,0.0,17.0,0.0,0.0,30.0,1.0
1048,5.0,0.0,0.0,0.0,0.0,17.0,0.0,0.0,30.0,1.0
1049,5.0,0.0,0.0,0.0,0.0,17.0,0.0,0.0,30.0,1.0
1050,5.0,0.0,0.0,0.0,0.0,17.0,0.0,0.0,30.0,1.0
1051,5.0,0.0,0.0,0.0,0.0,17.0,0.0,0.0,30.0,1.0
1052,5.0,0.0,0.0,0.0,0.0,17.0,0.0,0.0,30.0,1.0
1053,5.0,0.0,0.0,0.0,0.0,17.0,0.0,0.0,30.0,1.0
1054,5.0,0.0,0.0,0.0,0.0,17.0,0.0,0.0,30.0,1.0
1055,5.0,0.0,0.0,0.0,0.0,17.0,0.0,0.0,30.0,1.0
1056,5.0,0.0,0.0,0.0,0.0,17.0,0.0,0.0,30.0,1.0
1057,5.0,0.0,0.0,0.0,0.0,17.0,0.0,0.0,30.0,1.0
1058,5.0,0.0,0.0,0.0,0.0,17.0,0.0,0.0,30.0,1.0
1059,5.0,0.0,0.0,0.0,0.0,17.0,0.0,0.0,30.0,1.0
1060,5.0,0.0,0.0,0.0,0.0,17.0,0.0,0.0,30.0,1.0
1061,5.0,0.0,0.0,0.0,0.0,17.0,0.0,0.0,30.0,1.0
1062,5.0,0.0,0.0,0.0,0.0,17.0,0.0,0.0,30.0,1.0
1063,5.0,0.0,0.0,0.0,0.0,17.0,0.0,0.0,30.0,1.0
1064,7.0,0.0,0.0,0.0,0.0,2.0,0.0,0.0,20.0,0.0
1065,7.0,0.0,0.0,0.0,0.0,2.0,0.0,0.0,20.0,0.0
1066,7.0,0.0,0.0,0.0,0.0,2.0,0.0,0.0,20.0,0.0
1067,7.0,0.0,0.0,0.0,0.0,2.0,0.0,0.0,20.0,0.0
1068,7.0,0.0,0.0,0.0,0.0,2.0,0.0,0.0,20.0,0.0
1069,7.0,0.0,0.0,0.0,0.0,2.0,0.0,0.0,20.0,0.0
1070,7.0,0.0,0.0,0.0,0.0,2.0,0.0,0.0,20.0,0.0
1071,7.0,0.0,0.0,0.0,0.0,2.0,0.0,0.0,20.0,0.0
1072,7.0,0.0,0.0,0.0,0.0,2.0,0.0,0.0,20.0,0.0
1073,7.0,0.0,0.0,0.0,0.0,2.0,0.0,0.0,20.0,0.0
1074,7.0,0.0,0.0,0.0,0.0,2.0,0.0,0.0,20.0,0.0
1075,7.0,0.0,0.0,0.0,0.0,2.0,0.0,0.0,20.0,0.0
1076,7.0,0.0,0.0,0.0,0.0,2.0,0.0,0.0,20.0,0.0
1077,7.0,0.0,0.0,0.0,0.0,2.0,0.0,0.0,20.0,0.0
1078,7.0,0.0,0.0,0.0,0.0,2.0,0.0,0.0,20.0,0.0
1079,7.0,0.0,0.0,0.0,0.0,2.0,0.0,0.0,20.0,0.0
1080,7.0,0.0,0.0,0.0,0.0,2.0,0.0,0.0,20.0,0.0
1081,7.0,0.0,0.0,0.0,0.0,2.0,0.0,0.0,20.0,0.0
1082,7.0,0.0,0.0,0.0,0.0,2.0,0.0,0.0,20.0,0.0
1083,7.0,0.0,0.0,0.0,0.0,2.0,0.0,0.0,20.0,0.0
1084,7.0,0.0,0.0,0.0,0.0,2.0,0.0,0.0,20.0,0.0
1085,7.0,0.0,0.0,0.0,0.0,2.0,0.0,0.0,20.0,0.0
1086,7.0,0.0,0.0,0.0,0.0,2.0,0.0,0.0,20.0,0.0
1087,14.0,0.84,0.0,7.0,0.0,7.0,0.55,0.0,3.0,0.0
1088,14.0,0.84,0.0,7.0,0.0,7.0,0.55,0.0,3.0,0.0
1089,14.0,0.84,0.0,7.0,0.0,7.0,0.55,0.0,3.0,0.0
1090,14.0,0.84,0.0,7.0,0.0,7.0,0.55,0.0,3.0,0.0
1091,14.0,0.84,0.0,7.0,0.0,7.0,0.55,0.0,3.0,0.0
1092,14.0,0.84,0.0,7.0,0.0,7.0,0.55,0.0,3.0,0.0
1093,14.0,0.84,0.0,7.0,0.0,7.0,0.55,0.0,3.0,0.0
1094,14.0,0.84,0.0,7.0,0.0,7.0,0.55,0.0,3.0,0.0
1095,14.0,0.84,0.0,7.0,0.0,7.0,0.55,0.0,3.0,0.0
1096,14.0,0.84,0.0,7.0,0.0,7.0,0.55,0.0,3.0,0.0
1097,14.0,0.84,0.0,7.0,0.0,7.0,0.55,0.0,3.0,0.0
1098,3.0,0.0,4.0,8.0,0.0,12.0,0.0,0.0,10.0,1.0
1099,3.0,0.0,4.0,8.0,0.0,12.0,0.0,0.0,10.0,1.0
1100,3.0,0.0,4.0,8.0,0.0,12.0,0.0,0.0,10.0,1.0
1101,3.0,0.0,4.0,8.0,0.0,12.0,0.0,0.0,10.0,1.0
